X1,X2,value
G,1,NA
P,1,NA
A,1,NA
V,1,NA
L,1,NA
I,1,NA
M,1,2.16724415185738
C,1,NA
F,1,NA
Y,1,NA
W,1,NA
H,1,NA
K,1,NA
R,1,NA
Q,1,NA
N,1,NA
E,1,NA
D,1,NA
S,1,NA
T,1,NA
X,1,NA
G,2,0.541167855364897
P,2,2.32915313711367
A,2,2.06771140624134
V,2,2.27576458920701
L,2,1.94166534173049
I,2,1.8646255214566
M,2,1.82651852405098
C,2,2.3475018498217
F,2,-1.26214316807034
Y,2,2.01533082811155
W,2,-3.58496250072116
H,2,1.87841637231645
K,2,2.1766823020092
R,2,2.34339915940279
Q,2,2.30370315131293
N,2,2.16386932398534
E,2,1.6884423918215
D,2,1.92923795103992
S,2,1.77588203458987
T,2,1.90314681684979
X,2,2.02014414894573
G,3,2.06838357523934
P,3,0.960311735831297
A,3,1.70002285533034
V,3,2.82813949287566
L,3,2.6353032320582
I,3,-0.171786458696373
M,3,-0.583626484242831
C,3,1.25635635135206
F,3,NA
Y,3,-1.32823513122379
W,3,NA
H,3,1.79466360968982
K,3,2.10032951485326
R,3,2.77151385977287
Q,3,1.86376921065015
N,3,1.40161300869312
E,3,2.36427754494158
D,3,2.15696039759908
S,3,1.54437924445418
T,3,1.90314681684979
X,3,2.32720717906673
G,4,-1.7272726639316
P,4,2.7109368463614
A,4,2.122990985936
V,4,1.83860593758337
L,4,2.25092203773469
I,4,1.87588824243773
M,4,1.30568239778985
C,4,-1.81184607218269
F,4,1.56936294139557
Y,4,NA
W,4,NA
H,4,2.2105184571528
K,4,2.15177010342642
R,4,2.43106684782766
Q,4,-2.46177488336174
N,4,0.0102143183250468
E,4,2.1846719956923
D,4,1.24409205319738
S,4,1.80042499385691
T,4,2.13880316373362
X,4,-0.212039714583077
G,5,1.93292644471672
P,5,-0.307389291345086
A,5,2.2049511393885
V,5,1.48445084991482
L,5,1.86183149588993
I,5,1.68604366818815
M,5,4.30225536214883
C,5,2.13643893406957
F,5,6.35394761749157
Y,5,-3.4594316186373
W,5,NA
H,5,NA
K,5,1.49449256676943
R,5,-2.72961808144496
Q,5,NA
N,5,3.27538587343013
E,5,-0.498971131420398
D,5,-3.70717108385362
S,5,-0.759124946466157
T,5,0.551317447375784
X,5,-3.35488469181872
G,6,-1.79247260098562
P,6,-3.50204974567757
A,6,1.41464299372
V,6,2.05306522223552
L,6,2.20823787626461
I,6,2.04917345823672
M,6,2.31650887354709
C,6,0.530943314604375
F,6,1.63163358110698
Y,6,NA
W,6,NA
H,6,NA
K,6,NA
R,6,-3.72971580931865
Q,6,0.662846600526254
N,6,-4
E,6,-3.8073549220576
D,6,-3.58496250072116
S,6,-3.90689059560852
T,6,-0.681472043571152
X,6,-3.4594316186373
G,7,3.27009007168303
P,7,-1.87924296646388
A,7,0.787784002593103
V,7,2.77151385977287
L,7,2.08526617225948
I,7,1.86129655023011
M,7,-2.93095588706456
C,7,1.61175511160592
F,7,2.52967085432914
Y,7,2.13643893406957
W,7,4.37567333390446
H,7,-2.41234673850408
K,7,NA
R,7,-0.539232263877151
Q,7,NA
N,7,-2.43173357160005
E,7,NA
D,7,-3.58496250072116
S,7,1.82222281516612
T,7,2.28174765594292
X,7,-3.4594316186373
G,8,3.07646638655992
P,8,2.15815885709576
A,8,2.16446161667337
V,8,-3.12769677586509
L,8,-2.33290319733879
I,8,3.65455170977263
M,8,NA
C,8,4.9002123464559
F,8,NA
Y,8,NA
W,8,NA
H,8,-0.29782291807804
K,8,NA
R,8,-3.49668488537385
Q,8,-1.68140801983573
N,8,NA
E,8,2.67337740493463
D,8,NA
S,8,1.84855517161751
T,8,2.20631663183006
X,8,-3.55818685297441
G,9,2.17196322693329
P,9,NA
A,9,-1.10524759821086
V,9,-3.58496250072116
L,9,NA
I,9,NA
M,9,NA
C,9,-2.82458750947818
F,9,NA
Y,9,NA
W,9,NA
H,9,NA
K,9,NA
R,9,-3.58496250072116
Q,9,NA
N,9,NA
E,9,NA
D,9,-3.53135265192781
S,9,-3.4594316186373
T,9,1.27212164837315
X,9,-3.52219705967923
G,10,-0.464907010063852
P,10,-3.0709769905572
A,10,-1.4910261444497
V,10,NA
L,10,-2.30545071832999
I,10,-2.63089929932315
M,10,2.18265819466268
C,10,1.92343624733574
F,10,NA
Y,10,NA
W,10,NA
H,10,-1.81161195445639
K,10,3.6482815968877
R,10,-0.509800970122195
Q,10,NA
N,10,1.37163115129046
E,10,NA
D,10,NA
S,10,2.21451200854034
T,10,2.03375331112314
X,10,-3.45692599200347
G,11,NA
P,11,-3.65988831735688
A,11,NA
V,11,-3.4594316186373
L,11,-2.63501935548363
I,11,-3.45817880532038
M,11,NA
C,11,-3.70043971814109
F,11,2.16724415185738
Y,11,-0.865737120061644
W,11,NA
H,11,NA
K,11,NA
R,11,NA
Q,11,NA
N,11,NA
E,11,NA
D,11,NA
S,11,-3.4594316186373
T,11,NA
X,11,-3.70043971814109
G,12,-3.50204974567757
P,12,NA
A,12,-3.13696152439357
V,12,-3.54350612319936
L,12,NA
I,12,NA
M,12,NA
C,12,-4.08746284125034
F,12,NA
Y,12,-3.55904783083548
W,12,NA
H,12,NA
K,12,NA
R,12,NA
Q,12,NA
N,12,-1.88143371017905
E,12,-2.03134171390922
D,12,2.17196322693329
S,12,NA
T,12,NA
X,12,-3.58496250072116
G,13,NA
P,13,2.17196322693329
A,13,-3.58496250072116
V,13,0.0616795356998399
L,13,-3.22060278399662
I,13,2.0471618011368
M,13,NA
C,13,NA
F,13,-3.90689059560852
Y,13,NA
W,13,NA
H,13,-3.03789354452095
K,13,NA
R,13,-3.85712275883306
Q,13,-3.4594316186373
N,13,NA
E,13,-3.50945915468321
D,13,NA
S,13,-3.4594316186373
T,13,-3.4418067640606
X,13,-4
G,14,-0.911165639572904
P,14,1.39984056564982
A,14,-2.53330931220792
V,14,2.22200968759903
L,14,2.05823895745335
I,14,2.00832308578171
M,14,1.86376921065015
C,14,3.17754100252349
F,14,1.92570907722978
Y,14,-3.64270110943112
W,14,NA
H,14,NA
K,14,NA
R,14,-3.05459076870635
Q,14,-3.72971580931865
N,14,0.420006349735125
E,14,-0.488876579427408
D,14,-2.83718336907291
S,14,-3.43381141898676
T,14,-3.14988319490448
X,14,-3.52219705967923
G,15,NA
P,15,-3.89395127969572
A,15,-2.5852534651614
V,15,NA
L,15,NA
I,15,-3.4594316186373
M,15,-1.73118297880831
C,15,NA
F,15,NA
Y,15,-2.71575774080243
W,15,NA
H,15,1.82708991161941
K,15,-3.70043971814109
R,15,-3.01314423015453
Q,15,NA
N,15,-2.67936898216021
E,15,NA
D,15,NA
S,15,1.13569305274442
T,15,2.1766823020092
X,15,-3.4594316186373
G,16,-2.65245502326172
P,16,-1.27321214208119
A,16,-0.198680693785048
V,16,1.92178393876645
L,16,1.8666490125839
I,16,1.5150007679036
M,16,2.36427754494158
C,16,1.55211237049499
F,16,2.05896864333424
Y,16,2.28151390692426
W,16,-3.57846192588365
H,16,2.6729799178488
K,16,2.36940114796932
R,16,2.56434501628078
Q,16,2.4237111855442
N,16,2.13620065600969
E,16,1.02343931900513
D,16,0.883347335256596
S,16,1.48240647323212
T,16,0.875487463348969
X,16,-3.52219705967923
G,17,2.16442440372283
P,17,NA
A,17,1.59207751871931
V,17,-3.56984327277829
L,17,-4.16992500144231
I,17,NA
M,17,NA
C,17,-3.4104296345614
F,17,NA
Y,17,NA
W,17,NA
H,17,NA
K,17,NA
R,17,-3.34354607739501
Q,17,NA
N,17,NA
E,17,NA
D,17,-3.4594316186373
S,17,-2.41700856703807
T,17,NA
X,17,-3.4594316186373
G,18,NA
P,18,-2.39092044931465
A,18,NA
V,18,NA
L,18,-2.36157727227679
I,18,NA
M,18,NA
C,18,NA
F,18,NA
Y,18,-3.31631431242291
W,18,NA
H,18,2.16724415185738
K,18,NA
R,18,-3.58496250072116
Q,18,1.25236373761139
N,18,-3.28822435536627
E,18,NA
D,18,-3.4594316186373
S,18,-3.70043971814109
T,18,-3.55472404483543
X,18,-3.4594316186373
G,19,2.00060107980677
P,19,-3.58496250072116
A,19,1.44902937051837
V,19,1.23030651597618
L,19,2.13620065600969
I,19,2.28151390692426
M,19,1.55854618679213
C,19,-1.77683776894235
F,19,2.7827605239844
Y,19,1.43666417787382
W,19,-1.58455275519565
H,19,-2.89055479283383
K,19,2.11211522120375
R,19,1.86397709618903
Q,19,1.93292644471672
N,19,-1.75469569413055
E,19,1.85377708034352
D,19,2.00171215455023
S,19,2.86655437803076
T,19,1.23549233433549
X,19,-3.8073549220576
G,20,1.33334115049366
P,20,-1.53961746823753
A,20,0.783855715057605
V,20,-1.3656296826699
L,20,-0.332031781188317
I,20,NA
M,20,NA
C,20,NA
F,20,2.21983969895951
Y,20,1.67122347872189
W,20,0.987099151523756
H,20,2.17844451213702
K,20,4.3526396922353
R,20,-0.869946903680511
Q,20,2.91206440725747
N,20,1.56814539970723
E,20,2.17196322693329
D,20,2.17384967702078
S,20,1.56074378016064
T,20,1.63198018924672
X,20,-3.05459076870635
G,21,0.929364773132774
P,21,-3.64270110943112
A,21,-0.762905976466188
V,21,2.00721644395995
L,21,2.15042352914337
I,21,2.19180943021268
M,21,2.47844967287751
C,21,NA
F,21,-0.971284177612397
Y,21,NA
W,21,NA
H,21,NA
K,21,NA
R,21,-2.84721813930845
Q,21,-1.37608887562506
N,21,0.0752377171939431
E,21,-3.2106598309122
D,21,-3.35729769080691
S,21,2.86206874781478
T,21,0.502002313267667
X,21,-3.4594316186373
G,22,-0.401790593383459
P,22,-3.4594316186373
A,22,1.71358855282717
V,22,1.71230191108505
L,22,2.24497992587565
I,22,2.15988175634203
M,22,0.86153799835902
C,22,NA
F,22,2.28287676067179
Y,22,NA
W,22,NA
H,22,NA
K,22,NA
R,22,NA
Q,22,-3.40251407212665
N,22,-3.4594316186373
E,22,-3.58496250072116
D,22,4.2340588732012
S,22,-2.33447862066158
T,22,-0.495555865872991
X,22,-3.52219705967923
G,23,1.9676273148129
P,23,-3.05459076870635
A,23,1.86952881451765
V,23,2.30400684073454
L,23,2.37084426247185
I,23,3.07872790015372
M,23,2.0471618011368
C,23,1.00709184046547
F,23,0.843745076005587
Y,23,1.38778737759333
W,23,2.69064633585447
H,23,1.76206876949564
K,23,2.19200822663438
R,23,2.09570393178304
Q,23,2.04961366147161
N,23,1.95923739430811
E,23,2.29101722036815
D,23,1.61875867625507
S,23,1.63903756482349
T,23,2.32360223779528
X,23,-3.4594316186373
G,24,-3.11201193378457
P,24,2.50899292473909
A,24,NA
V,24,NA
L,24,-2.59625919033214
I,24,2.53907443977499
M,24,-3.50204974567757
C,24,-2.35729381735409
F,24,NA
Y,24,-3.58496250072116
W,24,NA
H,24,-2.82586120281913
K,24,2.55327108530698
R,24,2.16442440372283
Q,24,1.09814064293343
N,24,-3.4594316186373
E,24,3.89651679888418
D,24,3.98677042509193
S,24,-1.51082022467332
T,24,1.56983600210806
X,24,-3.4594316186373
G,25,2.02699209132147
P,25,-3.4594316186373
A,25,2.15047872120971
V,25,1.04073850706833
L,25,1.13137380632153
I,25,2.11869667570383
M,25,NA
C,25,2.70899168112526
F,25,-3.50204974567757
Y,25,-3.70043971814109
W,25,NA
H,25,NA
K,25,NA
R,25,-3.4594316186373
Q,25,NA
N,25,0.377910233229313
E,25,-3.58496250072116
D,25,-3.25516376297652
S,25,2.08788587994125
T,25,1.86007661596688
X,25,-3.00690074321321
G,26,2.20469913575109
P,26,-2.86347739616306
A,26,2.22461260586074
V,26,1.07506783672132
L,26,2.13118687431117
I,26,2.18784809612678
M,26,1.54888844469367
C,26,1.87042265240954
F,26,2.86655437803076
Y,26,1.7465625601405
W,26,-3.4594316186373
H,26,1.22314270758772
K,26,1.47652566336615
R,26,0.691633220146617
Q,26,-0.131326565547399
N,26,1.62750334680688
E,26,-3.61131838891016
D,26,2.33347310501093
S,26,2.04297356045384
T,26,2.22289271147273
X,26,-3.23049497785429
G,27,2.20775047497561
P,27,2.0002271924419
A,27,2.22889504317635
V,27,1.82973374539093
L,27,1.96966827620243
I,27,2.81195486944474
M,27,3.1755116596447
C,27,1.85187491690814
F,27,1.48445084991482
Y,27,2.34207582339324
W,27,-2.51030461856026
H,27,2.19710271831859
K,27,2.13814432455486
R,27,2.24345620886215
Q,27,2.77151385977287
N,27,2.362438313299
E,27,1.97243876833302
D,27,1.48210962554964
S,27,1.89929548949444
T,27,2.34924329608121
X,27,-3.09917555664025
G,28,-2.24032743970043
P,28,-3.4594316186373
A,28,0.136175104191014
V,28,1.68790295363581
L,28,2.18114627524937
I,28,1.98933143171063
M,28,2.12053104577339
C,28,3.01104463997524
F,28,1.92881172567875
Y,28,3.35141289330859
W,28,NA
H,28,3.53024078097972
K,28,1.11449685695416
R,28,2.52101607062484
Q,28,1.37587373152338
N,28,-0.00555146087233427
E,28,-2.12703269174382
D,28,NA
S,28,1.71177607770659
T,28,0.670518053269713
X,28,-3.25991332816332
G,29,-2.04141238117423
P,29,-3.43259928347303
A,29,2.77205795735138
V,29,1.92287206327807
L,29,-1.69748686196361
I,29,-0.621897835815837
M,29,2.55702222883948
C,29,1.52227259611811
F,29,2.15112441231807
Y,29,-0.456637538200335
W,29,-0.970182370846127
H,29,-3.4594316186373
K,29,NA
R,29,-3.38254207575568
Q,29,-0.0107095806135546
N,29,3.42364207523179
E,29,-3.70447017064304
D,29,-3.58496250072116
S,29,-2.73681235651927
T,29,1.77300972477599
X,29,-3.10700854267041
G,30,1.18992594105683
P,30,0.748460689531133
A,30,1.88637356337069
V,30,2.47790284692568
L,30,-3.00057296662154
I,30,1.27651182350674
M,30,NA
C,30,-0.36194975320383
F,30,NA
Y,30,-0.382919334868652
W,30,NA
H,30,1.89840699635187
K,30,1.83783907543667
R,30,-1.98556534594777
Q,30,-2.12998495668726
N,30,1.89324274720248
E,30,2.15720344504342
D,30,2.19616835714199
S,30,0.404825513244007
T,30,-0.237432045391122
X,30,-3.40764062342083
G,31,1.43751609951396
P,31,-0.959091939754904
A,31,1.96686168685951
V,31,1.14509443894597
L,31,2.8629354607572
I,31,0.895773341430881
M,31,1.98768418504332
C,31,1.9377386317971
F,31,0.645993025838008
Y,31,2.89051571959648
W,31,NA
H,31,2.14164394951741
K,31,1.48687254153393
R,31,1.83638804884555
Q,31,2.00047275596229
N,31,2.19335188896696
E,31,2.03375331112314
D,31,2.50400354727277
S,31,1.9593548869194
T,31,2.56809373386301
X,31,-3.11484152870057
G,32,-2.80619796131387
P,32,-3.22642755397323
A,32,-1.04970700574443
V,32,1.99033980733436
L,32,2.15112441231807
I,32,1.40206714069509
M,32,2.09856206987518
C,32,NA
F,32,-0.659000706399503
Y,32,NA
W,32,NA
H,32,NA
K,32,-3.13249227048227
R,32,-3.4594316186373
Q,32,-2.94639015120665
N,32,-2.50496507921018
E,32,-2.4634716323121
D,32,-3.4594316186373
S,32,1.48074463346878
T,32,1.48502696636648
X,32,-3.75389732009935
G,33,1.9023500905359
P,33,-3.58496250072116
A,33,2.0812271830876
V,33,1.68450457364183
L,33,1.79305273178776
I,33,2.22421362660667
M,33,2.70377720734185
C,33,2.01883039964724
F,33,1.83540169878545
Y,33,2.52016324382901
W,33,1.92274381288576
H,33,2.43372631831678
K,33,1.82396667704397
R,33,0.793576674565449
Q,33,2.09394330731918
N,33,-2.59310858352831
E,33,2.3088557914122
D,33,-1.33205456734865
S,33,0.623824227122655
T,33,1.41193780976087
X,33,-3.44021247447532
G,34,-3.4594316186373
P,34,1.46946365913781
A,34,0.271158669892698
V,34,2.39375095854567
L,34,1.54933096462018
I,34,1.42246295274796
M,34,0.638821001746663
C,34,-3.58496250072116
F,34,-2.59577246048792
Y,34,NA
W,34,NA
H,34,NA
K,34,-2.85228957393921
R,34,-3.24975409248245
Q,34,-0.198274595252937
N,34,-2.84879881525018
E,34,-3.4594316186373
D,34,-3.58496250072116
S,34,-2.7363498526946
T,34,-2.04769127659233
X,34,-3.21892713770108
G,35,2.09733721998562
P,35,1.62269586623355
A,35,2.06275528434146
V,35,2.09061500751453
L,35,2.4141130268548
I,35,1.59623862583093
M,35,-0.240570909696424
C,35,2.48168641133234
F,35,1.11906865162165
Y,35,-3.58496250072116
W,35,-3.29559886821014
H,35,NA
K,35,-3.70043971814109
R,35,-0.911741270797705
Q,35,-2.98668792639803
N,35,-1.54522097694576
E,35,-3.4594316186373
D,35,-3.18990539502009
S,35,1.83608156943583
T,35,1.33605797143254
X,35,-2.5612478925537
G,36,-3.09713865713146
P,36,1.68787751391913
A,36,0.401070698759546
V,36,2.1246025535317
L,36,1.73002522731418
I,36,2.13620065600969
M,36,-1.5279439562866
C,36,2.11473820067861
F,36,-2.18342836329102
Y,36,NA
W,36,NA
H,36,NA
K,36,NA
R,36,NA
Q,36,NA
N,36,-3.70043971814109
E,36,-3.22951164740747
D,36,-3.05459076870635
S,36,-3.64218688608577
T,36,-2.17916418901908
X,36,-3.28296924936573
G,37,1.71806191849789
P,37,0.896079665134297
A,37,2.03375331112314
V,37,0.482100176375779
L,37,2.18784809612678
I,37,1.28827646660881
M,37,2.56849073050581
C,37,2.00560272509945
F,37,2.40686998471974
Y,37,1.23537266981255
W,37,NA
H,37,1.16495420123244
K,37,1.66588402588977
R,37,-1.87290948137288
Q,37,1.094536892184
N,37,1.58253126432446
E,37,-2.8099364572057
D,37,-3.01219494244344
S,37,2.40864771204678
T,37,0.537061704174717
X,37,-3.18012165079021
G,38,1.40089932382722
P,38,2.2049511393885
A,38,2.15001012259884
V,38,2.29745106608595
L,38,2.11883085542839
I,38,2.72640583647612
M,38,3.40806156208817
C,38,1.91097887535872
F,38,3.03969841755184
Y,38,2.83124313521332
W,38,NA
H,38,2.00798603293151
K,38,2.10671572238734
R,38,1.8841517244135
Q,38,2.00394369909165
N,38,2.42410957182617
E,38,1.9525847194698
D,38,2.28684627853795
S,38,2.02699209132147
T,38,2.27688106501802
X,38,-3.17702422764112
G,39,0.726392356431732
P,39,1.70940354440672
A,39,1.7484309249601
V,39,1.3720923709347
L,39,0.966309265433164
I,39,-2.04333191012471
M,39,NA
C,39,1.41290454755071
F,39,2.57548636288818
Y,39,0.378825059986816
W,39,NA
H,39,2.05896864333424
K,39,-0.367702234647755
R,39,1.52482905365618
Q,39,-0.231475609928088
N,39,2.21461223563403
E,39,1.76105225385551
D,39,0.442469084827298
S,39,2.09004029153979
T,39,-0.144094718357785
X,39,-3.14034017222388
G,40,1.85861007816297
P,40,2.05896864333424
A,40,2.17836062140746
V,40,1.42606826573785
L,40,2.63808973790556
I,40,2.40913676186737
M,40,-1.47165567094522
C,40,0.300374756035045
F,40,NA
Y,40,1.33723397282018
W,40,NA
H,40,2.21340253761476
K,40,1.87506393595463
R,40,2.16741715694764
Q,40,2.32951013043537
N,40,2.29101722036815
E,40,1.51969927736624
D,40,2.15930565838033
S,40,2.12587237122639
T,40,2.3439401014293
X,40,-3.00177870042302
G,41,1.96912075118837
P,41,1.86376921065015
A,41,2.08767937512392
V,41,1.5021746836335
L,41,2.58947532094068
I,41,1.72335921597491
M,41,0.86089269606991
C,41,2.19219278877268
F,41,0.395699926226689
Y,41,1.41548793319526
W,41,NA
H,41,1.80337761969614
K,41,2.34530899183944
R,41,1.88625023146341
Q,41,2.32360223779528
N,41,1.86617723470407
E,41,2.49592136660174
D,41,2.00761963470664
S,41,1.9502514907248
T,41,2.08835145786963
X,41,-2.64257023856012
G,42,1.85688681858864
P,42,NA
A,42,-3.90689059560852
V,42,-2.38747057232946
L,42,NA
I,42,-0.894627243711165
M,42,-0.306751412705452
C,42,NA
F,42,NA
Y,42,NA
W,42,NA
H,42,-3.4594316186373
K,42,2.16442440372283
R,42,1.39640767251347
Q,42,2.53248081154807
N,42,1.09549358986828
E,42,-0.556832806160485
D,42,NA
S,42,0.380154045340643
T,42,3.9276442682487
X,42,-2.02946384254107
G,43,2.2049511393885
P,43,2.22421362660667
A,43,2.05422884453248
V,43,1.7576986858047
L,43,2.02837637649815
I,43,2.02004179751993
M,43,NA
C,43,2.01528616307132
F,43,-0.719966425043376
Y,43,2.02892252692116
W,43,5.64116871217999
H,43,1.95583829290374
K,43,2.21403878761206
R,43,1.86376921065015
Q,43,2.25796805695202
N,43,2.19692313261393
E,43,1.99014688736882
D,43,1.5821784085145
S,43,2.16976559100936
T,43,2.05140467430915
X,43,-3.02438765677551
G,44,1.96198028286847
P,44,2.1258099279
A,44,2.10671572238734
V,44,-0.0698345212557511
L,44,1.10255722092356
I,44,2.27929837404236
M,44,2.2562081287764
C,44,1.94080160939175
F,44,0.936592479576374
Y,44,2.19577076429858
W,44,NA
H,44,1.91281768183942
K,44,1.82318864532197
R,44,3.08371538471644
Q,44,1.99983395672435
N,44,2.47621462392529
E,44,NA
D,44,2.0471618011368
S,44,1.93565963450411
T,44,2.20918431812116
X,44,-3.17246744832927
G,45,NA
P,45,-3.15453312112949
A,45,2.20780523162904
V,45,1.79369394188852
L,45,2.15668737950736
I,45,1.62562788456374
M,45,1.72201041270339
C,45,2.30493035290189
F,45,2.54699927486679
Y,45,3.09379551390495
W,45,2.78209074910055
H,45,-0.144094718357785
K,45,-1.06400347898178
R,45,2.34530899183944
Q,45,-1.50722627538313
N,45,-3.70043971814109
E,45,1.52751656587954
D,45,NA
S,45,2.22240072031003
T,45,2.88109764329867
X,45,-3.03789354452095
G,46,NA
P,46,-3.4594316186373
A,46,1.1134650751571
V,46,-0.673714614380681
L,46,1.94651283026423
I,46,2.03150055624979
M,46,2.00394369909165
C,46,0.836921579302891
F,46,2.15988175634203
Y,46,-0.747816084754433
W,46,NA
H,46,NA
K,46,3.5222589571391
R,46,NA
Q,46,1.35305241036835
N,46,2.0471618011368
E,46,NA
D,46,3.91030971347387
S,46,-2.76769894704311
T,46,2.68317290322258
X,46,-3.03143420327125
G,47,2.05032238031389
P,47,2.30302708091483
A,47,1.86205741614885
V,47,0.799038426169479
L,47,2.5374614969859
I,47,-0.407464726381057
M,47,1.03429473600638
C,47,1.81814147591457
F,47,NA
Y,47,-2.32796541481383
W,47,-3.29756552910378
H,47,1.5416255378745
K,47,1.46389540766398
R,47,-0.948530619809949
Q,47,3.85194059643862
N,47,1.66344018985278
E,47,1.48445084991482
D,47,2.15087156660068
S,47,2.28902914554792
T,47,2.15177010342642
X,47,-3.4594316186373
G,48,1.5561701312986
P,48,2.5923295766463
A,48,1.55211237049499
V,48,2.25541148447977
L,48,1.93292644471672
I,48,2.35379338980607
M,48,2.75997537259336
C,48,2.56490288742283
F,48,2.13820676788124
Y,48,1.87949574933229
W,48,NA
H,48,2.20786767725337
K,48,3.34225432207611
R,48,0.671644162419885
Q,48,2.24319391846794
N,48,1.60097827245683
E,48,3.28694179392087
D,48,2.41383945871579
S,48,2.19577076429858
T,48,1.77479457379175
X,48,-3.26703270350063
G,49,1.54582231149209
P,49,2.11975206274726
A,49,2.20941872267669
V,49,1.1742238208795
L,49,0.586786343630747
I,49,1.89510000438354
M,49,1.99518156585235
C,49,-0.950806767784629
F,49,NA
Y,49,3.55729299012607
W,49,NA
H,49,2.94746842769019
K,49,1.4048719640108
R,49,1.21687642025545
Q,49,2.24798417987833
N,49,2.38115622499257
E,49,2.18784809612678
D,49,2.04981361473
S,49,2.31995196355102
T,49,1.82748552706106
X,49,-3.25516376297652
G,50,-1.43996927225871
P,50,NA
A,50,2.5133144742096
V,50,1.69406190569945
L,50,2.80883208337628
I,50,2.63039490390728
M,50,NA
C,50,3.09379551390495
F,50,1.48445084991482
Y,50,3.11513957055744
W,50,NA
H,50,1.73780341144609
K,50,1.15812386373347
R,50,1.65955416780475
Q,50,0.804590689983364
N,50,-1.44063505249722
E,50,2.1309485962513
D,50,2.81132804710018
S,50,1.85113485988186
T,50,2.362438313299
X,50,-3.25320304194724
G,51,1.86946252025229
P,51,-3.57494159745224
A,51,NA
V,51,NA
L,51,-2.24252548707035
I,51,NA
M,51,NA
C,51,-2.24455756327307
F,51,NA
Y,51,3.5222589571391
W,51,NA
H,51,-3.29756552910378
K,51,2.18609469845328
R,51,2.16442440372283
Q,51,NA
N,51,NA
E,51,NA
D,51,-3.90689059560852
S,51,1.91910169651579
T,51,NA
X,51,-3.58496250072116
G,52,2.60964910238646
P,52,-3.4594316186373
A,52,1.96565616098867
V,52,2.19180943021268
L,52,2.02699209132147
I,52,1.88681122155203
M,52,1.87100182488491
C,52,2.97166289701362
F,52,2.63909868984589
Y,52,0.0616795356998399
W,52,4.78494342149271
H,52,-4
K,52,2.0471618011368
R,52,2.22266581574096
Q,52,1.76284117746873
N,52,-3.70043971814109
E,52,2.362438313299
D,52,-3.25799452411864
S,52,2.37556547585962
T,52,2.62354399845505
X,52,-3.4594316186373
G,53,1.63944474292767
P,53,2.01184331805459
A,53,2.28960986043966
V,53,2.41905806930086
L,53,3.07629533151925
I,53,-0.86327994692751
M,53,3.52516808370795
C,53,-1.74806385603171
F,53,1.23030651597618
Y,53,1.22176463012854
W,53,NA
H,53,0.89305879436861
K,53,2.15047872120971
R,53,2.30148227918677
Q,53,1.91960275987203
N,53,1.77813592115701
E,53,2.25079367745121
D,53,2.108563750215
S,53,2.2536756993912
T,53,1.86937716244047
X,53,-3.52937022570332
G,54,5.00866950973362
P,54,-3.4594316186373
A,54,2.86987449165004
V,54,-2.05754053899807
L,54,2.13620065600969
I,54,2.34784087422052
M,54,2.32302337848281
C,54,1.22243754380321
F,54,2.15815885709576
Y,54,1.53323455782651
W,54,1.43719170439311
H,54,2.65375991250956
K,54,0.682516670084827
R,54,-3.4594316186373
Q,54,1.91923651322671
N,54,-0.523725026049858
E,54,NA
D,54,-3.40251407212665
S,54,-1.42897614993397
T,54,1.24569782161687
X,54,-3.4594316186373
G,55,-3.40251407212665
P,55,-3.11846609255997
A,55,1.84378495003688
V,55,2.17844451213702
L,55,2.35228258903825
I,55,2.18609469845328
M,55,2.69582212028361
C,55,1.91774836945028
F,55,0.534608954888215
Y,55,NA
W,55,1.62871376863727
H,55,NA
K,55,NA
R,55,1.39456733961279
Q,55,-3.58496250072116
N,55,-3.4594316186373
E,55,3.02062420938202
D,55,-3.40251407212665
S,55,1.65881537714511
T,55,-0.392432095857102
X,55,-3.4594316186373
G,56,1.70374067263837
P,56,-3.40251407212665
A,56,1.22176463012854
V,56,2.36131135966947
L,56,2.2037569922556
I,56,1.92247360766868
M,56,2.54823865178884
C,56,2.64804148841056
F,56,3.54868308353359
Y,56,-1.57605456519171
W,56,5.08130383297935
H,56,1.22282918830681
K,56,2.07055255422799
R,56,2.08767937512392
Q,56,2.32229733095341
N,56,2.11345400241571
E,56,1.9848329709007
D,56,1.95825385753724
S,56,2.02687865691083
T,56,2.65537217799657
X,56,-3.11833954019509
G,57,1.90314681684979
P,57,1.43777234903775
A,57,2.16724415185738
V,57,1.26815866611137
L,57,2.13643893406957
I,57,-0.313798326237796
M,57,2.60435533829166
C,57,2.35531986670837
F,57,1.54148939224481
Y,57,4.37580018350183
W,57,NA
H,57,1.42223482720004
K,57,2.0312719691448
R,57,2.08175457451269
Q,57,2.2529806412748
N,57,1.42848823257825
E,57,2.2146292108181
D,57,1.90436191956605
S,57,2.0202280687917
T,57,2.57583235688524
X,57,-3.46660478466139
G,58,0.876896455141409
P,58,-2.75371744417677
A,58,2.12327029251062
V,58,2.36335792912029
L,58,2.09749542602397
I,58,2.51470067361691
M,58,1.7155768402353
C,58,2.29496735810357
F,58,2.54928264013556
Y,58,1.40609052601632
W,58,-3.16685909009497
H,58,1.87800415156576
K,58,0.0616795356998399
R,58,-3.4594316186373
Q,58,NA
N,58,1.88155439351297
E,58,2.06809870558191
D,58,0.398808924359474
S,58,2.18609469845328
T,58,2.03884305626062
X,58,-3.37751524342372
G,59,0.857778537396404
P,59,-2.69894091885653
A,59,1.62479530444381
V,59,2.37227053046984
L,59,1.84378495003688
I,59,1.96030654537731
M,59,2.08338530059249
C,59,2.73592973960159
F,59,2.08596689308315
Y,59,2.63918900994947
W,59,NA
H,59,-4.08746284125034
K,59,-0.510987144178633
R,59,-3.23319650351786
Q,59,-0.666035500813603
N,59,-2.54351596216934
E,59,-1.46165900525405
D,59,2.51955732265775
S,59,-0.492194757354373
T,59,2.15047872120971
X,59,-3.37751524342372
G,60,1.84378495003688
P,60,0.284875348014799
A,60,2.25796805695202
V,60,1.85305354975959
L,60,3.06137549848473
I,60,2.05562067908075
M,60,3.26688595577638
C,60,1.80552316837461
F,60,0.735861656087688
Y,60,-2.73681235651927
W,60,NA
H,60,2.05707708331726
K,60,2.06905603749516
R,60,1.7155768402353
Q,60,2.12053104577339
N,60,1.95187808112931
E,60,2.04853330174344
D,60,2.16463424131638
S,60,2.20941872267669
T,60,2.33906746501106
X,60,-2.45774059458369
G,61,2.14602652940234
P,61,1.572323498206
A,61,-0.829734823083499
V,61,0.684563474917731
L,61,0.789240905479146
I,61,3.02686853229831
M,61,NA
C,61,2.28151390692426
F,61,1.02050077284806
Y,61,1.72254644552928
W,61,-0.486117019179506
H,61,2.2843943633353
K,61,2.2891000119272
R,61,1.86376921065015
Q,61,2.11691298307648
N,61,2.16630364560578
E,61,1.57662225192537
D,61,2.24800798816914
S,61,1.3035873332497
T,61,-0.401633566165919
X,61,-2.1667255096986
G,62,-0.189984803660264
P,62,-2.732052646422
A,62,-0.0196739563061023
V,62,1.5620556766701
L,62,2.04534222756327
I,62,1.95639817044956
M,62,2.18424934041294
C,62,1.4577995127709
F,62,1.86982872654394
Y,62,2.14164394951741
W,62,2.04853330174344
H,62,2.68375564270627
K,62,1.74337698009383
R,62,2.35228258903825
Q,62,1.03309304939569
N,62,2.50363221676653
E,62,2.12526388820249
D,62,1.68790295363581
S,62,0.186279452393613
T,62,1.66076774913491
X,62,-3.43737295688798
G,63,1.94121353720758
P,63,2.12326285112652
A,63,2.03562039293549
V,63,1.31330985814175
L,63,1.81200385201559
I,63,1.41307389451879
M,63,4.6176256284383
C,63,2.03814366451501
F,63,NA
Y,63,1.38463591204753
W,63,NA
H,63,0.819822026503673
K,63,1.92867339950661
R,63,2.0722102480243
Q,63,1.7984824462743
N,63,1.51894072019815
E,63,1.92549504820437
D,63,2.1595071276419
S,63,2.0809773490077
T,63,1.74170326853652
X,63,-0.555293491157916
G,64,1.97071227191663
P,64,-1.78469941854856
A,64,2.43379200538644
V,64,1.12155657995684
L,64,1.25258880754636
I,64,-0.71904507669558
M,64,-2.81666143846166
C,64,1.87316588112333
F,64,NA
Y,64,0.027209862156107
W,64,1.74245349586076
H,64,0.768019888041662
K,64,1.25477649026697
R,64,2.12323293016308
Q,64,1.76799084648501
N,64,2.16442440372283
E,64,2.40949527536279
D,64,1.52835468334546
S,64,1.08115458469524
T,64,1.39424787747228
X,64,-0.28666380298572
G,65,-2.54823087657844
P,65,0.799345584074914
A,65,1.78266050342838
V,65,1.95297455945081
L,65,1.58758583812415
I,65,1.89747917039022
M,65,-1.96954542211521
C,65,3.05887923972746
F,65,0.770988204427276
Y,65,NA
W,65,NA
H,65,NA
K,65,NA
R,65,-2.45315702005567
Q,65,1.74245349586076
N,65,0.0555908930216883
E,65,-3.55455763070906
D,65,-3.38342611730345
S,65,-3.4594316186373
T,65,0.490907646633916
X,65,-3.4594316186373
G,66,1.71109728788969
P,66,2.24271192372473
A,66,2.72902658699139
V,66,1.58343229285213
L,66,3.2895654761403
I,66,1.77862004900541
M,66,2.49597609667055
C,66,1.72673821648895
F,66,0.332990842765633
Y,66,2.36640342261931
W,66,NA
H,66,2.06761811424922
K,66,2.19949280483763
R,66,2.42293685375334
Q,66,2.59297572334058
N,66,1.69216467565505
E,66,2.04917345823672
D,66,2.14553578733909
S,66,2.0471618011368
T,66,2.24590932892291
X,66,-3.49709227242233
G,67,0.473739569895755
P,67,0.604953126880271
A,67,0.557822561402229
V,67,2.12053104577339
L,67,1.02258545451504
I,67,2.30720582286145
M,67,0.605376340480132
C,67,1.87588824243773
F,67,1.90606133870047
Y,67,-3.36916663133102
W,67,2.34538857063675
H,67,NA
K,67,NA
R,67,-3.95053757022659
Q,67,-4
N,67,-3.01055852593557
E,67,-2.4257278791162
D,67,-3.4594316186373
S,67,0.495085756673034
T,67,0.560303154792581
X,67,-3.20467932732821
G,68,1.14938694960601
P,68,-3.24855872716354
A,68,1.89038949232735
V,68,2.1766823020092
L,68,2.36627263745398
I,68,2.02467197570304
M,68,1.9005738735671
C,68,1.04378511935071
F,68,2.73484190053521
Y,68,1.49702573340031
W,68,-3.27890164402474
H,68,0.71646498207846
K,68,1.43672483454439
R,68,1.96449584972355
Q,68,1.37993077596027
N,68,1.41461140596099
E,68,1.78566617870525
D,68,2.15415422541325
S,68,1.52939179382437
T,68,1.94121353720758
X,68,-3.52219705967923
G,69,2.27576458920701
P,69,1.38404539413076
A,69,1.68339111690271
V,69,2.45113791618108
L,69,-0.90446548370574
I,69,1.31559133010495
M,69,-3.4594316186373
C,69,2.83036952600007
F,69,0.180430280995258
Y,69,1.82335551874727
W,69,1.18228621940865
H,69,3.3476344061312
K,69,0.507935420156765
R,69,2.08444911898286
Q,69,2.87300947111323
N,69,1.57145874728219
E,69,-1.31100218675321
D,69,2.32617470191531
S,69,2.08740534171975
T,69,1.94516676110049
X,69,-3.77344722994382
G,70,2.00929552362552
P,70,4.41753996399469
A,70,2.99887398532432
V,70,1.76030108192541
L,70,1.27805015448659
I,70,0.931808777805855
M,70,-1.8158321218064
C,70,2.92541841034952
F,70,2.121900669142
Y,70,1.99154950945993
W,70,2.16958316359822
H,70,1.94608191951242
K,70,NA
R,70,1.52869600359605
Q,70,3.09379551390495
N,70,1.37197077437593
E,70,2.72639648029019
D,70,-2.21862435082517
S,70,1.84115065939158
T,70,0.383188675194904
X,70,-2.86865366276081
G,71,2.02733586963864
P,71,1.45774100461842
A,71,2.33808016642651
V,71,2.56276111797304
L,71,1.74580478448339
I,71,0.712364739501177
M,71,0.0266340517855993
C,71,3.03050484716376
F,71,2.94886348888887
Y,71,1.61883773646914
W,71,-3.05459076870635
H,71,2.39372991065814
K,71,1.79353790395163
R,71,2.2269212545645
Q,71,2.20631663183006
N,71,2.10671572238734
E,71,2.04853330174344
D,71,2.14902179482893
S,71,2.22421362660667
T,71,1.52492012452226
X,71,-2.85294282899023
G,72,2.1766823020092
P,72,3.47438739592852
A,72,2.36384424259657
V,72,2.016253272712
L,72,2.6434147388093
I,72,2.89539853693776
M,72,2.35241601175518
C,72,1.18539456325357
F,72,2.13643893406957
Y,72,1.71110848312397
W,72,NA
H,72,1.54148939224481
K,72,2.20882829947065
R,72,2.11699134946877
Q,72,1.60312730153639
N,72,2.17888650636514
E,72,2.01903383868089
D,72,0.41944156920735
S,72,1.87264783378247
T,72,2.38644459943463
X,72,-3.40251407212665
G,73,NA
P,73,0.206522494001893
A,73,2.12989983529433
V,73,1.90630178495405
L,73,2.16160465558829
I,73,2.39215141189072
M,73,2.34391690003801
C,73,-3.70043971814109
F,73,3.16729138956524
Y,73,NA
W,73,NA
H,73,NA
K,73,-1.81938009122063
R,73,2.63870074942376
Q,73,-1.8369363677227
N,73,-3.01415566347272
E,73,NA
D,73,4.2644359008482
S,73,1.57526564442596
T,73,1.48445084991482
X,73,-3.4594316186373
G,74,3.20490422701561
P,74,-3.27890164402474
A,74,2.29217865015164
V,74,2.18774101406099
L,74,2.1831463041319
I,74,2.31063974857578
M,74,2.45729890631179
C,74,2.94183754304721
F,74,0.999073946609777
Y,74,NA
W,74,4.49070419984622
H,74,NA
K,74,3.84403341589938
R,74,2.58083253629761
Q,74,1.41973187025151
N,74,2.30715530867197
E,74,-2.69244986936273
D,74,NA
S,74,2.20792461786372
T,74,2.07836770630954
X,74,-3.58496250072116
G,75,2.89758870875289
P,75,1.50336925386538
A,75,1.8128263745716
V,75,2.12593481455278
L,75,2.64753567140636
I,75,2.13553649231088
M,75,2.78068848385233
C,75,3.78440899419787
F,75,2.86892850611224
Y,75,NA
W,75,NA
H,75,NA
K,75,2.05977476962195
R,75,NA
Q,75,NA
N,75,2.71631297602335
E,75,1.54653320875809
D,75,2.0737578249622
S,75,2.82379211252677
T,75,2.38847292756762
X,75,-3.58244908455518
G,76,1.80734158745643
P,76,1.07801150016236
A,76,3.27960728623979
V,76,2.39594340654472
L,76,-1.19167001980034
I,76,1.4152818079633
M,76,2.10531062149582
C,76,2.70077450871418
F,76,NA
Y,76,-1.6177527089099
W,76,NA
H,76,2.62253451612692
K,76,2.80046915855448
R,76,2.54671214678535
Q,76,1.68725707010513
N,76,1.71932411903992
E,76,2.27756768748083
D,76,2.24590932892291
S,76,0.824274043461098
T,76,1.8609368915523
X,76,-3.25516376297652
G,77,NA
P,77,-0.330255517706498
A,77,2.6256953080394
V,77,1.83322032704016
L,77,1.77813592115701
I,77,1.858785396924
M,77,3.76352263389385
C,77,1.73518177133631
F,77,2.10671572238734
Y,77,2.25599219937151
W,77,NA
H,77,2.00752240359307
K,77,2.73714102264464
R,77,2.23834829370923
Q,77,1.79361132868257
N,77,0.613523418734691
E,77,2.74170989074143
D,77,2.22613713411637
S,77,-1.33037440681357
T,77,2.78803315998838
X,77,-3.2024000465652
G,78,2.40671167304534
P,78,-3.45034174046994
A,78,2.08767937512392
V,78,2.35939097757733
L,78,2.06253094855829
I,78,1.80396245347184
M,78,2.19826100048436
C,78,2.35819167031866
F,78,3.37895705395805
Y,78,-2.73681235651927
W,78,2.62053117596005
H,78,3.02599755111577
K,78,1.22967392866641
R,78,-3.4594316186373
Q,78,-3.58496250072116
N,78,2.53568307381273
E,78,-2.18933258348454
D,78,-1.62263448922183
S,78,1.23734290896332
T,78,1.71938322447145
X,78,-3.35729769080691
G,79,1.39673261438335
P,79,2.06228086635269
A,79,1.94651283026423
V,79,2.78803315998838
L,79,3.8107911257048
I,79,2.54008066603831
M,79,1.75610179417008
C,79,1.82906783987495
F,79,1.93421525140723
Y,79,0.21736907814116
W,79,NA
H,79,1.9745637209348
K,79,2.04981361473
R,79,2.22655433489151
Q,79,2.00394369909165
N,79,2.20918431812116
E,79,2.16724415185738
D,79,0.0818513038933274
S,79,1.82347423682384
T,79,2.40985295506547
X,79,-3.13759059515622
G,80,1.7347669076904
P,80,-0.0395731874231784
A,80,2.27344824190305
V,80,1.44457584919007
L,80,2.67746732886913
I,80,2.03010647729489
M,80,2.3615308722593
C,80,1.33300279633908
F,80,5.27841383803225
Y,80,2.10085062648174
W,80,-3.58496250072116
H,80,1.81561920742531
K,80,2.17045675866916
R,80,1.72648622010272
Q,80,2.30532165426148
N,80,1.8094954728673
E,80,2.20941872267669
D,80,2.53907443977499
S,80,1.99172867211252
T,80,2.16738125677498
X,80,-3.16140528531019
G,81,2.43776420219102
P,81,-1.97175181847891
A,81,2.8623707323885
V,81,2.21449503335627
L,81,1.73593327605638
I,81,1.92247360766868
M,81,2.18032628033812
C,81,1.83265378016907
F,81,3.07482349896209
Y,81,2.63696404015356
W,81,4.07416558543731
H,81,1.91774836945028
K,81,2.22889504317635
R,81,1.9487253213765
Q,81,2.70899168112526
N,81,2.15047872120971
E,81,1.63644497162191
D,81,3.89669105116307
S,81,2.67269800229155
T,81,0.863406301108177
X,81,-3.25516376297652
G,82,2.14322054957977
P,82,2.92861627645014
A,82,2.46237635859071
V,82,1.24959424124665
L,82,-0.869718960232691
I,82,3.67354915751229
M,82,NA
C,82,2.85755568753209
F,82,NA
Y,82,1.79231701798862
W,82,NA
H,82,2.73592973960159
K,82,2.424663266097
R,82,2.43106684782766
Q,82,2.28704107072768
N,82,2.13643893406957
E,82,2.33860869301668
D,82,2.14001900288623
S,82,1.93394788354914
T,82,-0.366215565942836
X,82,-3.64270110943112
G,83,2.21405891380222
P,83,-0.654141988451351
A,83,2.1246025535317
V,83,2.14653129066415
L,83,1.85747384115292
I,83,1.9689092419
M,83,-1.33953413852438
C,83,2.52619542026403
F,83,1.53122500988507
Y,83,-0.0509415852935682
W,83,NA
H,83,3.52000924225987
K,83,2.0471618011368
R,83,-1.74889822281496
Q,83,NA
N,83,2.43251491832257
E,83,1.18351044124842
D,83,-2.87602745498743
S,83,2.45859575035753
T,83,1.47432323250034
X,83,-3.70043971814109
G,84,2.23395744786854
P,84,1.91774836945028
A,84,1.95040325079911
V,84,1.69870113439864
L,84,1.76337156978678
I,84,1.69216467565505
M,84,2.2167814489983
C,84,2.04616839913132
F,84,2.42083869179012
Y,84,1.97507661989994
W,84,-4.32192809488736
H,84,1.80188991345418
K,84,2.04853330174344
R,84,2.05896864333424
Q,84,2.73867142300965
N,84,2.23930084743917
E,84,1.98943189263661
D,84,1.86952881451765
S,84,2.28111301553518
T,84,2.07166971427372
X,84,-3.03142771972968
G,85,2.80382790318473
P,85,-2.06437200934582
A,85,2.15431878915274
V,85,2.06253094855829
L,85,2.01632195445193
I,85,2.16160465558829
M,85,2.65714572252808
C,85,2.08468712271353
F,85,1.15698284184978
Y,85,2.35099124129643
W,85,NA
H,85,2.40022368326327
K,85,0.70431646836615
R,85,-0.175345440834944
Q,85,-2.34070670256196
N,85,-1.58784292607049
E,85,-2.81188757548658
D,85,-3.64270110943112
S,85,2.0283247005076
T,85,1.97057749301664
X,85,-3.70043971814109
G,86,NA
P,86,-3.01415566347272
A,86,1.04253755543292
V,86,1.9438631837359
L,86,2.24590932892291
I,86,2.12587237122639
M,86,2.64567220726434
C,86,3.77872575053295
F,86,-1.47733699386295
Y,86,NA
W,86,NA
H,86,NA
K,86,-0.911773721166064
R,86,2.88593809258917
Q,86,2.65813633496008
N,86,-2.00143595213352
E,86,NA
D,86,-3.40251407212665
S,86,3.32265594263333
T,86,-1.88894221367405
X,86,-3.57846192588365
G,87,3.59548099130539
P,87,-3.58496250072116
A,87,-0.165835672073364
V,87,2.19180943021268
L,87,2.18000398984552
I,87,2.1766823020092
M,87,1.45773375975216
C,87,NA
F,87,1.14408958718893
Y,87,-3.59515915006905
W,87,NA
H,87,NA
K,87,2.0471618011368
R,87,-3.70043971814109
Q,87,-3.33154172082228
N,87,1.11626211462911
E,87,-3.15699637059573
D,87,-2.54024582254963
S,87,-3.42156431898563
T,87,-3.09713865713146
X,87,-3.58496250072116
G,88,-1.17601025690605
P,88,-3.4594316186373
A,88,-2.73484569562563
V,88,NA
L,88,2.61760252953707
I,88,-3.70043971814109
M,88,-3.05459076870635
C,88,-3.18208831168384
F,88,-2.54122249134802
Y,88,NA
W,88,NA
H,88,-3.14291913676287
K,88,2.15815885709576
R,88,2.17844451213702
Q,88,NA
N,88,1.8560717078002
E,88,-3.4594316186373
D,88,NA
S,88,-3.1209945097084
T,88,-3.72721018268482
X,88,-3.64270110943112
G,89,2.16724415185738
P,89,-3.79131786145843
A,89,-2.12649533847543
V,89,-1.58542651814656
L,89,NA
I,89,NA
M,89,NA
C,89,0.718113587643413
F,89,NA
Y,89,NA
W,89,NA
H,89,NA
K,89,NA
R,89,-2.74321142735628
Q,89,NA
N,89,NA
E,89,NA
D,89,-3.4784737251855
S,89,-1.71666495238537
T,89,NA
X,89,-3.5419760374802
G,90,3.5052843684629
P,90,-3.05459076870635
A,90,-1.92281537545894
V,90,2.15739303213609
L,90,2.13904144179349
I,90,2.2664751998253
M,90,2.46495528720823
C,90,NA
F,90,1.60131836745363
Y,90,NA
W,90,NA
H,90,NA
K,90,NA
R,90,3.38617679486983
Q,90,-0.607433804533308
N,90,NA
E,90,5.23058675163512
D,90,NA
S,90,-1.07603019881251
T,90,3.13938480279397
X,90,-3.67344515096149
G,91,-3.26720383689462
P,91,-2.99341573931572
A,91,-2.98604522352055
V,91,-2.70856346572812
L,91,-2.60931481354177
I,91,NA
M,91,NA
C,91,-3.06186736862659
F,91,NA
Y,91,-3.17558773684634
W,91,NA
H,91,-3.4594316186373
K,91,2.0471618011368
R,91,2.17196322693329
Q,91,-2.72038958478796
N,91,NA
E,91,NA
D,91,NA
S,91,-2.95378822665828
T,91,NA
X,91,-3.4594316186373
G,92,2.56806141031913
P,92,-2.19834199901798
A,92,2.1258099279
V,92,1.53171902802871
L,92,0.3010748417707
I,92,0.0856513656902306
M,92,2.97348899916916
C,92,3.96143498707032
F,92,2.77097079975239
Y,92,1.73264958236553
W,92,NA
H,92,NA
K,92,5.50740465665312
R,92,3.44628077292405
Q,92,1.46010629979913
N,92,2.77551754092625
E,92,1.56464609674989
D,92,2.2493168065538
S,92,2.19180810920954
T,92,2.15177010342642
X,92,-2.80269353273764
G,93,1.90735842193287
P,93,2.05772440883734
A,93,2.26646807187269
V,93,2.20563388560928
L,93,1.97230650035316
I,93,2.00832308578171
M,93,1.71358855282717
C,93,1.96771613730501
F,93,1.70600888017191
Y,93,2.95981186214464
W,93,NA
H,93,1.98180205301128
K,93,-2.86727804670632
R,93,-3.58496250072116
Q,93,2.50230376561879
N,93,2.82739546190999
E,93,0.843745076005587
D,93,0.51406261890163
S,93,2.19248449353277
T,93,2.83306554822035
X,93,-2.25136832872245
G,94,2.04280955585675
P,94,-1.30769074895268
A,94,2.3970595489267
V,94,2.31187897249666
L,94,1.32697646971863
I,94,2.19227828504397
M,94,1.80357744659143
C,94,1.87195608695348
F,94,0.796677862993342
Y,94,2.28563605398515
W,94,1.21893191128718
H,94,2.28163296257466
K,94,2.80046915855448
R,94,1.64367342172739
Q,94,1.41049147121918
N,94,2.3815864217928
E,94,2.02065419254519
D,94,2.28704107072768
S,94,2.04981361473
T,94,2.19804298619569
X,94,-2.85711617615825
G,95,-1.83939944817654
P,95,NA
A,95,-0.887665814217683
V,95,-2.57951121615707
L,95,NA
I,95,2.0471618011368
M,95,NA
C,95,1.8897577763058
F,95,NA
Y,95,-3.13793744527462
W,95,NA
H,95,-2.77724746175289
K,95,NA
R,95,-3.70043971814109
Q,95,3.5222589571391
N,95,-1.00944437797089
E,95,1.91757080237277
D,95,2.16724415185738
S,95,NA
T,95,NA
X,95,-3.00687567104455
G,96,1.95345551330146
P,96,-3.07442831672707
A,96,0.261201780082007
V,96,2.83124313521332
L,96,1.42120487947509
I,96,-0.574844302733609
M,96,1.43719170439311
C,96,2.95082697482616
F,96,2.15177010342642
Y,96,2.10671572238734
W,96,NA
H,96,0.419856787553982
K,96,3.5222589571391
R,96,-3.69615871138938
Q,96,NA
N,96,-2.00111858550671
E,96,2.0471618011368
D,96,NA
S,96,-2.54640403123788
T,96,-1.30658921675229
X,96,1.64214893795936
G,97,0.0101268848646553
P,97,-0.245451513798177
A,97,0.50764678063942
V,97,1.23882279951502
L,97,2.42410957182617
I,97,5.86791925048725
M,97,-3.70043971814109
C,97,NA
F,97,NA
Y,97,2.77649812739465
W,97,NA
H,97,2.50977637403661
K,97,0.461024027939502
R,97,-3.01415566347272
Q,97,0.718481768097638
N,97,-0.0684519400123402
E,97,2.20823787626461
D,97,2.04853330174344
S,97,2.52967085432914
T,97,NA
X,97,-3.15036012076179
G,98,2.06876681913229
P,98,1.61364856656178
A,98,0.982792147969046
V,98,1.93104026918873
L,98,-0.363869535399985
I,98,1.63650448523315
M,98,2.73714102264464
C,98,-0.212944384674978
F,98,1.16211834085045
Y,98,2.18697139729003
W,98,NA
H,98,1.88163999333846
K,98,0.689760946592076
R,98,2.06059105051107
Q,98,3.09173218541422
N,98,1.99783072780713
E,98,3.05873704230382
D,98,2.98380720612523
S,98,0.551658705601471
T,98,2.92944546252903
X,98,-3.4594316186373
G,99,-1.78984428580425
P,99,NA
A,99,1.85909795562682
V,99,-3.43097284538198
L,99,2.97815183144239
I,99,NA
M,99,-3.4594316186373
C,99,NA
F,99,NA
Y,99,-1.64975906250425
W,99,NA
H,99,-4.32192809488736
K,99,-3.4594316186373
R,99,-3.4594316186373
Q,99,-2.56564128103058
N,99,0.0186595033327711
E,99,2.17196322693329
D,99,0.281198752148914
S,99,NA
T,99,NA
X,99,-3.43097284538198
G,100,3.01898726621598
P,100,-3.27110030884162
A,100,2.97902960892299
V,100,1.28987120291899
L,100,1.48418452719335
I,100,1.946528601113
M,100,2.43949358877976
C,100,2.93636517748973
F,100,2.12593481455278
Y,100,2.34154904434479
W,100,1.51223288619645
H,100,2.77136802409009
K,100,1.73513124901098
R,100,-1.79232460636661
Q,100,2.46450971275211
N,100,1.13481378441518
E,100,0.423843980364085
D,100,-3.58496250072116
S,100,1.80027875203867
T,100,-3.40555022710494
X,100,-2.61647469091034
G,101,1.92247360766868
P,101,2.59069592955245
A,101,2.37253184594014
V,101,2.35826536828925
L,101,1.26768723940598
I,101,1.90667299576539
M,101,1.68166269262179
C,101,-2.25220171884659
F,101,NA
Y,101,0.0616795356998399
W,101,-0.158743789399198
H,101,2.83463175159276
K,101,3.07698056563524
R,101,1.90068122020697
Q,101,2.13596237794982
N,101,2.04534222756327
E,101,1.88625023146341
D,101,2.43610695875663
S,101,2.79360995467495
T,101,1.62778336544931
X,101,-2.93450327324257
G,102,1.40974473196108
P,102,0.0371223084570824
A,102,1.22885947848892
V,102,1.42062544907948
L,102,2.20961711410723
I,102,1.44993411634741
M,102,2.36335792912029
C,102,-1.67102518560904
F,102,2.83942408187441
Y,102,3.41613925378536
W,102,-3.27651091338693
H,102,0.864264961715579
K,102,1.18640979112679
R,102,2.42410957182617
Q,102,1.9515328092293
N,102,3.09562946600648
E,102,2.53642381456676
D,102,1.23535961569041
S,102,2.7434565613093
T,102,1.84818789381699
X,102,-3.4594316186373
G,103,1.76327929040798
P,103,-3.58496250072116
A,103,2.14164394951741
V,103,0.693649966302637
L,103,2.15409373601015
I,103,3.2873382338999
M,103,0.217286959088718
C,103,0.177508198922019
F,103,1.86575259192269
Y,103,2.42097523024525
W,103,-3.4594316186373
H,103,2.86257678773098
K,103,4.11677503334924
R,103,4.2560935516182
Q,103,-2.8144157777788
N,103,1.43188519404838
E,103,3.09441227517052
D,103,1.13715417802008
S,103,1.51821513764231
T,103,1.38343232352927
X,103,-3.4594316186373
G,104,1.95227317697597
P,104,-1.56042038794022
A,104,2.20250897422677
V,104,3.30686122544356
L,104,2.42338950723127
I,104,0.065115939733369
M,104,3.17449481412355
C,104,2.8516665114113
F,104,2.39416395190857
Y,104,1.01561518916947
W,104,3.50528986273375
H,104,2.3253235146197
K,104,3.66586400139387
R,104,2.55099307882928
Q,104,2.41137972878942
N,104,2.140565511359
E,104,1.62672079481627
D,104,1.10100706854848
S,104,0.919406613910934
T,104,1.76898467959655
X,104,-3.4594316186373
G,105,2.97012429152688
P,105,1.73783359224056
A,105,2.21663034871611
V,105,2.25365392784065
L,105,2.47029523540446
I,105,1.7462220514716
M,105,2.20930152039893
C,105,3.17723194349387
F,105,2.54671214678535
Y,105,-1.30930112157568
W,105,2.38779009162602
H,105,2.39923206910025
K,105,0.442352532829208
R,105,3.27745908351842
Q,105,3.14243929481784
N,105,-1.45615984220458
E,105,3.93144689254962
D,105,2.59679748828239
S,105,2.66947919035801
T,105,2.06253094855829
X,105,-3.32075996516057
G,106,4.16089861794507
P,106,NA
A,106,NA
V,106,4.00453472091269
L,106,2.28145507144505
I,106,3.441934102892
M,106,3.05759428258789
C,106,2.42044990010314
F,106,2.24242805820064
Y,106,0.752933490740387
W,106,NA
H,106,2.84434047668643
K,106,3.46221183732733
R,106,3.79791131612388
Q,106,3.52941107519271
N,106,2.16160465558829
E,106,1.43160289231076
D,106,0.998181328843771
S,106,1.25546160339354
T,106,3.74794524202724
X,106,-3.32075996516057
G,107,1.97212372386951
P,107,2.29687757186168
A,107,1.77813592115701
V,107,1.89575665270598
L,107,2.16054851045415
I,107,2.45750949022898
M,107,2.18911718343271
C,107,1.82357697798635
F,107,-0.698172547965989
Y,107,1.48445084991482
W,107,NA
H,107,2.06606595688013
K,107,2.39305953401241
R,107,2.25232981619168
Q,107,2.72447672411408
N,107,2.18784809612678
E,107,3.09333195421944
D,107,2.15963726377682
S,107,2.7410591771072
T,107,2.25718599686371
X,107,-3.4594316186373
G,108,3.11406311312866
P,108,3.05111887814579
A,108,2.71681903606962
V,108,3.04203808956331
L,108,3.5807254698802
I,108,2.48180880678224
M,108,2.17844451213702
C,108,2.03406614555801
F,108,3.20291721371804
Y,108,2.14366081547336
W,108,NA
H,108,2.14966558291243
K,108,2.20918431812116
R,108,2.74473276564263
Q,108,2.73519378737139
N,108,2.80689973093223
E,108,2.63445908944288
D,108,3.60872461046547
S,108,2.35316957692362
T,108,2.91990259907042
X,108,-3.38581684794125
G,109,3.27087303293242
P,109,-3.05459076870635
A,109,-0.680681417820991
V,109,2.53907443977499
L,109,2.19577076429858
I,109,2.35241601175518
M,109,2.55361599856132
C,109,NA
F,109,2.89569202715537
Y,109,1.44394484356146
W,109,-2.38747057232946
H,109,1.51794822772326
K,109,-2.56691898727887
R,109,4.00819163079442
Q,109,2.71631297602335
N,109,2.89721277428303
E,109,1.68529311154315
D,109,NA
S,109,4.13026191367558
T,109,2.2514234689202
X,109,-2.74679083176465
G,110,2.55753718999532
P,110,0.631200084188665
A,110,2.24590932892291
V,110,2.35768290579994
L,110,1.92647883871055
I,110,2.7283439325012
M,110,2.73592973960159
C,110,2.41916690136993
F,110,1.68529311154315
Y,110,2.34136999006367
W,110,2.13643893406957
H,110,2.1637709945474
K,110,2.6681869337931
R,110,2.34530899183944
Q,110,3.56787388329774
N,110,2.1258099279
E,110,3.71231040096278
D,110,2.57637693844097
S,110,2.56029571647694
T,110,2.55565875113564
X,110,-2.42376715808692
G,111,2.19081672069885
P,111,2.20727725404733
A,111,2.20228023546483
V,111,3.24685574142778
L,111,0.879387518754246
I,111,2.51262335261585
M,111,0.564737251685084
C,111,3.55732964796915
F,111,NA
Y,111,3.48088192302933
W,111,NA
H,111,2.01789582586434
K,111,2.05340741049855
R,111,1.68790295363581
Q,111,3.42293516343584
N,111,2.5287333236695
E,111,1.91559186291135
D,111,2.42283927399018
S,111,2.1555591943187
T,111,3.42119641072776
X,111,-3.0004904599565
G,112,2.24831018947029
P,112,5.73111609968917
A,112,3.30227955768161
V,112,2.9008027124628
L,112,3.38366648075678
I,112,1.1515518569514
M,112,3.67027444778068
C,112,1.82893781400711
F,112,NA
Y,112,3.50967898822703
W,112,0.86089269606991
H,112,1.52872687855937
K,112,2.59895455823919
R,112,2.28704107072768
Q,112,2.68436119663736
N,112,2.44779843877397
E,112,2.24960307598277
D,112,2.30493035290189
S,112,2.1134335547635
T,112,2.81102495321529
X,112,-3.02881594087836
G,113,2.80992061654608
P,113,1.96842527420062
A,113,2.52967085432914
V,113,2.23671533825308
L,113,2.21461223563403
I,113,2.20631663183006
M,113,3.07164524427728
C,113,2.87910776265483
F,113,2.22240072031003
Y,113,0.310673222565157
W,113,NA
H,113,-3.8073549220576
K,113,4.35903232263966
R,113,3.26728903002675
Q,113,2.14640660812453
N,113,3.17178729298216
E,113,-3.4594316186373
D,113,-2.36671689279241
S,113,3.92839458595803
T,113,1.66887283349828
X,113,-3.58496250072116
G,114,0.940862815646948
P,114,3.13005266725055
A,114,2.74117473821752
V,114,2.02382105327613
L,114,-1.83261035504156
I,114,3.58547475193692
M,114,0.568360573288066
C,114,NA
F,114,NA
Y,114,-3.4594316186373
W,114,-3.05874045140663
H,114,2.43691157848601
K,114,1.46240884395729
R,114,-2.69707824919156
Q,114,1.79230544098226
N,114,2.57943233207193
E,114,2.16914347879875
D,114,2.54705437726585
S,114,4.55764364635734
T,114,0.786310961987145
X,114,-3.54942016607673
G,115,-0.151428656678053
P,115,3.33144558521006
A,115,1.79920352373153
V,115,1.47853511683666
L,115,2.06059105051107
I,115,1.68612400224012
M,115,0.805753904379893
C,115,3.67698274618523
F,115,4.24857554482687
Y,115,NA
W,115,NA
H,115,1.32497999495386
K,115,3.98546623992314
R,115,4.64905324523659
Q,115,2.91330946205787
N,115,2.37636410404751
E,115,2.29217865015164
D,115,-2.45365170301215
S,115,2.51470067361691
T,115,2.16724415185738
X,115,-3.4594316186373
G,116,3.42181279039826
P,116,-3.24796948790221
A,116,2.04405989001544
V,116,2.21980574859138
L,116,2.47030207815623
I,116,2.16724415185738
M,116,2.1258099279
C,116,3.06476389165357
F,116,2.52925861414776
Y,116,2.38897276541454
W,116,3.2764507493722
H,116,3.8168121840918
K,116,NA
R,116,4.52310584894415
Q,116,3.47543477758732
N,116,3.86984936713011
E,116,-0.0544771290248562
D,116,-3.58496250072116
S,116,2.6772841705636
T,116,0.644705945154518
X,116,-3.27651091338693
G,117,NA
P,117,1.93392506772948
A,117,NA
V,117,3.54729026738571
L,117,2.6617846602273
I,117,2.54353190582127
M,117,-3.58496250072116
C,117,3.19918405746945
F,117,2.20036095184354
Y,117,1.9934520876368
W,117,1.04488894179317
H,117,-3.58496250072116
K,117,NA
R,117,-2.59022685871857
Q,117,-3.4594316186373
N,117,0.315794468439547
E,117,NA
D,117,4.49480821901684
S,117,0.0801419628248049
T,117,1.92230254837957
X,117,-3.4594316186373
G,118,3.47006459427948
P,118,-3.4594316186373
A,118,2.59200163051302
V,118,2.58947532094068
L,118,2.18226960529515
I,118,2.20780523162904
M,118,2.14765854657033
C,118,3.42457477962359
F,118,1.85227247299348
Y,118,NA
W,118,NA
H,118,NA
K,118,0.841023244401121
R,118,2.38195563851848
Q,118,2.68973749767231
N,118,5.16114075519615
E,118,-3.4594316186373
D,118,-4.08746284125034
S,118,1.60145664411518
T,118,-0.824520984422973
X,118,-3.06555462348973
G,119,3.63389090989977
P,119,2.17196322693329
A,119,2.58614030972141
V,119,1.86952881451765
L,119,1.84570580109601
I,119,1.80557823165846
M,119,2.04981361473
C,119,2.18540516638458
F,119,2.22421362660667
Y,119,2.10662665486612
W,119,-3.0402713688221
H,119,2.72590495581333
K,119,2.00016685805045
R,119,3.3549950622353
Q,119,3.10527630497006
N,119,3.21706264703014
E,119,0.367807235060035
D,119,-0.342584956486385
S,119,2.14164394951741
T,119,2.19867030036465
X,119,-3.01415566347272
G,120,1.22064477847423
P,120,2.21915688292652
A,120,2.13334973428818
V,120,-2.72286645322984
L,120,-3.16826982990404
I,120,-3.58496250072116
M,120,-3.03789354452095
C,120,1.21473842910223
F,120,NA
Y,120,NA
W,120,NA
H,120,2.86025049602736
K,120,0.818920211568485
R,120,1.15019757006589
Q,120,2.30022319478563
N,120,0.610131373599651
E,120,4.6408875589929
D,120,2.68133374599773
S,120,2.22421362660667
T,120,2.21402181242799
X,120,-3.35729769080691
G,121,2.11545554861445
P,121,2.12327029251062
A,121,2.12490685874124
V,121,1.06998804354843
L,121,1.63654632950135
I,121,-0.229700033768343
M,121,0.843302060574623
C,121,1.97844073014259
F,121,NA
Y,121,1.82865670354923
W,121,-0.89178746921409
H,121,3.13114140773934
K,121,1.84855517161751
R,121,2.05215543544875
Q,121,2.13596237794982
N,121,1.84464306860186
E,121,2.60360945935065
D,121,2.15177010342642
S,121,2.20918431812116
T,121,2.63595181180638
X,121,-2.43641257021396
G,122,2.39278110284204
P,122,2.55405992606859
A,122,2.21403878761206
V,122,2.43359657387821
L,122,2.06905603749516
I,122,2.40191553218005
M,122,2.73617053886747
C,122,3.65087899547349
F,122,1.66578620187128
Y,122,1.73783062367565
W,122,2.9597105365642
H,122,1.51223288619645
K,122,2.14903100503813
R,122,2.4760951707021
Q,122,2.46772468890499
N,122,2.42098800276473
E,122,2.57506082400876
D,122,1.65691028526201
S,122,2.1516032649036
T,122,1.48527879286556
X,122,-1.92851379367466
G,123,1.65754463920624
P,123,2.02699209132147
A,123,2.73867142300965
V,123,1.5074910076998
L,123,3.29191575743048
I,123,2.56125709061518
M,123,3.0988841970271
C,123,0.995146501574606
F,123,NA
Y,123,2.23764683322764
W,123,NA
H,123,2.73641995537369
K,123,2.34530899183944
R,123,2.14690184743188
Q,123,2.05617228164415
N,123,2.26562476933353
E,123,2.20930152039893
D,123,2.255220723067
S,123,2.89306225254541
T,123,2.81764638110441
X,123,-0.930139706679552
G,124,3.5222589571391
P,124,0.262868377634578
A,124,-2.11618710459382
V,124,3.20352445122317
L,124,1.30580280404274
I,124,2.7205292246416
M,124,1.28275487291819
C,124,2.22743294879391
F,124,1.61641037133897
Y,124,2.37253184594014
W,124,1.8111490281917
H,124,1.77814098090073
K,124,3.29636776345858
R,124,2.63425504304391
Q,124,1.96580201228063
N,124,1.9851548808022
E,124,3.39840135996808
D,124,3.20001573893962
S,124,2.59798867817585
T,124,2.74527561015494
X,124,-2.0920221172898
G,125,1.93598448126261
P,125,1.16434038356749
A,125,2.19971295297926
V,125,1.92503662280953
L,125,1.43911701028166
I,125,2.05121880773071
M,125,2.27814563348411
C,125,-0.38261388857019
F,125,2.16274109258095
Y,125,2.11680252234674
W,125,NA
H,125,1.92966525605182
K,125,3.17232491326086
R,125,3.34034661965696
Q,125,1.87037671222617
N,125,2.22866132187576
E,125,2.7060061737045
D,125,1.04586556627682
S,125,2.2552044750503
T,125,1.93292644471672
X,125,-1.45849771336591
G,126,2.30284356937195
P,126,2.0471618011368
A,126,3.01829823699237
V,126,4.02797450209553
L,126,2.18553399367392
I,126,1.27734387610517
M,126,2.39416395190857
C,126,2.5762982113207
F,126,1.97858108949188
Y,126,2.40985295506547
W,126,NA
H,126,2.20631663183006
K,126,3.5222589571391
R,126,3.69306160926245
Q,126,2.22765959848844
N,126,2.99285887404969
E,126,3.66446189454184
D,126,3.26931256109456
S,126,2.17425784178107
T,126,3.57443721277461
X,126,-2.31026678938124
G,127,2.43877878919992
P,127,0.787272000076885
A,127,0.0295440317997855
V,127,2.10538762713195
L,127,2.28704107072768
I,127,1.86982872654394
M,127,2.88821565840942
C,127,4.02297883266242
F,127,-3.07217285054072
Y,127,2.46825565901432
W,127,-3.318462811252
H,127,NA
K,127,NA
R,127,0.873253581996414
Q,127,-1.01456445060211
N,127,3.21729370165246
E,127,-3.4594316186373
D,127,3.57596546172344
S,127,3.9118692923779
T,127,-0.354908287148051
X,127,-3.18012165079021
G,128,1.26559073723583
P,128,-2.49621029148228
A,128,2.59135924318157
V,128,-4.24792751344359
L,128,-0.244723663294476
I,128,-3.05208514207252
M,128,2.54040773712435
C,128,1.63017035147616
F,128,NA
Y,128,NA
W,128,NA
H,128,NA
K,128,4.1220995795092
R,128,2.95745145781339
Q,128,NA
N,128,1.31412215809849
E,128,NA
D,128,NA
S,128,2.14164394951741
T,128,0.617281278938855
X,128,-3.4594316186373
G,129,0.896977312092001
P,129,-3.45965391941467
A,129,2.14159113497046
V,129,-0.0606188642832919
L,129,-3.44985615155147
I,129,-3.32617183162626
M,129,-3.70043971814109
C,129,-2.78585891585588
F,129,NA
Y,129,-4.52356195605701
W,129,-3.58496250072116
H,129,NA
K,129,NA
R,129,-3.02086665524622
Q,129,NA
N,129,-3.15334600304346
E,129,NA
D,129,-1.68837478716606
S,129,2.18226960529515
T,129,-2.31027065493131
X,129,-3.4594316186373
G,130,2.04671266908786
P,130,-3.55472404483543
A,130,1.70687954257931
V,130,1.93625098344127
L,130,1.09469934981043
I,130,-0.661502055890041
M,130,2.59827414361064
C,130,1.946528601113
F,130,NA
Y,130,-1.82092506129694
W,130,-0.785111194855193
H,130,2.21983969895951
K,130,3.32099442132509
R,130,2.37666163411249
Q,130,2.6331235491837
N,130,1.3841321469147
E,130,NA
D,130,-1.02849038985826
S,130,2.19577076429858
T,130,2.13263040811397
X,130,-3.46813082825026
G,131,2.00832308578171
P,131,-3.03789354452095
A,131,2.11116509181528
V,131,2.12593481455278
L,131,2.15002724551367
I,131,2.29797378663502
M,131,1.92420861758693
C,131,1.51142949973014
F,131,1.88053912444643
Y,131,2.24159215315715
W,131,NA
H,131,-1.65700354765686
K,131,1.52665431301334
R,131,2.3105357442384
Q,131,2.44574985644125
N,131,2.43758537245007
E,131,2.11495358840454
D,131,-3.37599294723671
S,131,2.15858864388005
T,131,1.4020902249838
X,131,-3.52219705967923
G,132,-0.343959544010868
P,132,-2.77724746175289
A,132,1.22819880571576
V,132,2.17844451213702
L,132,-0.551870529358266
I,132,1.94121353720758
M,132,-0.306859519644835
C,132,1.92247360766868
F,132,-2.56862669794647
Y,132,NA
W,132,NA
H,132,NA
K,132,NA
R,132,1.64740226007169
Q,132,3.20205601681495
N,132,-3.03550281388314
E,132,-3.4594316186373
D,132,-3.13367935270998
S,132,1.19059770029709
T,132,1.36657552251208
X,132,-3.4594316186373
G,133,-2.65850345512524
P,133,-3.62614519055241
A,133,3.65038792144875
V,133,NA
L,133,-3.13968654555658
I,133,-1.78085299751575
M,133,-3.40802844125506
C,133,0.816307315738345
F,133,NA
Y,133,NA
W,133,NA
H,133,-1.5209237541243
K,133,2.15047872120971
R,133,1.97858108949188
Q,133,1.34706439762313
N,133,-2.20804133475874
E,133,-2.70678757322729
D,133,NA
S,133,1.84344433292986
T,133,0.844015721770489
X,133,-3.21764270688336
G,134,1.8638841683656
P,134,-0.405848710295842
A,134,2.01661913887098
V,134,1.47648196900086
L,134,1.97532024763091
I,134,2.54677609187957
M,134,-0.0623103556482272
C,134,2.55628157478105
F,134,NA
Y,134,2.8060198386029
W,134,1.69216467565505
H,134,2.35759484091105
K,134,1.02737547782028
R,134,2.04301612602583
Q,134,2.06048115733906
N,134,1.31971778771947
E,134,2.20918431812116
D,134,2.39764805203451
S,134,1.15812386373347
T,134,2.08921493808568
X,134,-2.89057422332721
G,135,-2.56771776484742
P,135,-3.50707783173636
A,135,1.41178268286898
V,135,2.21449503335627
L,135,2.28866850608853
I,135,2.29217865015164
M,135,1.07952295455738
C,135,NA
F,135,1.51687702034907
Y,135,2.85195734004775
W,135,NA
H,135,3.59986887314829
K,135,1.34156459428749
R,135,1.04844121866662
Q,135,-0.691901920613799
N,135,0.609403622186689
E,135,-3.01641964845615
D,135,-2.59893869997039
S,135,1.55197778899228
T,135,1.00183233769584
X,135,-3.1200735449598
G,136,-0.176741953227801
P,136,-3.20831373427602
A,136,2.12831198386417
V,136,2.12908764529412
L,136,2.27124726610006
I,136,2.29259010810653
M,136,2.48794709179332
C,136,2.51470067361691
F,136,2.32302337848281
Y,136,2.66422041393099
W,136,3.79166220879307
H,136,2.78003844673589
K,136,4.1752018628637
R,136,2.32447912453461
Q,136,2.26753239035486
N,136,1.60660062950419
E,136,-3.03437321608954
D,136,-3.2032434269763
S,136,2.10671572238734
T,136,1.11274567665703
X,136,-3.4594316186373
G,137,1.86721940217822
P,137,-0.75269378940581
A,137,2.00390748817134
V,137,-2.86893701413077
L,137,2.27060032549289
I,137,0.884437749408841
M,137,2.01110637764028
C,137,1.57158357258313
F,137,1.89059350588508
Y,137,2.04981361473
W,137,-1.70021259696175
H,137,1.58735123218611
K,137,2.26968362593229
R,137,1.93237981283368
Q,137,1.94358528790796
N,137,1.77026756860535
E,137,1.55211237049499
D,137,-1.80577292991218
S,137,2.06905603749516
T,137,1.12975459096245
X,137,-3.12497978492594
G,138,1.49936426590131
P,138,-2.32743704617416
A,138,2.73714102264464
V,138,2.67655684242873
L,138,1.99172867211252
I,138,2.3615093021181
M,138,1.64913030251019
C,138,2.96201301391078
F,138,2.21980574859138
Y,138,2.19639961775764
W,138,2.0676917094353
H,138,2.28704107072768
K,138,3.72140453149994
R,138,1.68382954646072
Q,138,1.98393318164526
N,138,2.46090895506274
E,138,2.56415156653775
D,138,0.167578679285448
S,138,1.68515819143167
T,138,2.98944466725632
X,138,-3.4594316186373
G,139,2.13643893406957
P,139,3.34733352554733
A,139,2.1888862964014
V,139,-2.58301013094984
L,139,2.79425331869747
I,139,1.37965468924163
M,139,3.19681300681751
C,139,-0.807232037721892
F,139,NA
Y,139,1.72673821648895
W,139,-3.52219705967923
H,139,1.95626116902635
K,139,2.22240072031003
R,139,0.274610939802974
Q,139,3.11929301483079
N,139,2.59030823008499
E,139,-0.681911866349955
D,139,1.51770513224781
S,139,1.09641462244806
T,139,3.05232955776386
X,139,-3.4594316186373
G,140,2.121900669142
P,140,2.2049511393885
A,140,2.07823712793873
V,140,0.187398980734394
L,140,4.30677436826072
I,140,3.65619809942474
M,140,3.07698056563524
C,140,1.76731347820122
F,140,NA
Y,140,NA
W,140,-3.58496250072116
H,140,1.82318864532197
K,140,3.02845376593477
R,140,2.26848676808217
Q,140,2.83229680173603
N,140,-1.57878854600495
E,140,3.03903904942258
D,140,-3.39416546003395
S,140,0.457768101306493
T,140,0.704535179145811
X,140,-3.08597348922731
G,141,2.01578349120008
P,141,1.67471198196781
A,141,2.54349742029921
V,141,2.8173457202539
L,141,0.919931098505079
I,141,0.677586481189688
M,141,-3.3295199046505
C,141,2.68436119663736
F,141,NA
Y,141,2.15004184123185
W,141,NA
H,141,1.3931138903394
K,141,0.931651570223227
R,141,2.20631663183006
Q,141,2.0147226670096
N,141,3.16283426183623
E,141,1.90365826360545
D,141,1.81147310081581
S,141,2.13140720844472
T,141,2.13454058470242
X,141,-3.18012165079021
G,142,-3.4594316186373
P,142,1.58889600476807
A,142,1.19134235322156
V,142,2.13880316373362
L,142,2.16422620271781
I,142,2.13961365799726
M,142,2.34924329608121
C,142,0.723130062862725
F,142,2.20941872267669
Y,142,1.30941857014326
W,142,NA
H,142,NA
K,142,-0.031351771791027
R,142,-3.58496250072116
Q,142,-2.6040871993611
N,142,-0.0416793242553741
E,142,-2.45265515427354
D,142,0.581860595174535
S,142,1.85494056716459
T,142,1.27600967454558
X,142,-3.44442354108312
G,143,2.10993522144176
P,143,-0.481242583647937
A,143,1.94114483938795
V,143,0.97829881717301
L,143,-0.0410761436516939
I,143,0.330900135124311
M,143,1.31220666307554
C,143,2.29995018708456
F,143,NA
Y,143,-1.3584693316665
W,143,-1.77005159905215
H,143,3.04656308768749
K,143,2.0471618011368
R,143,2.06905603749516
Q,143,2.39842476722227
N,143,2.08385443106178
E,143,1.54413358710742
D,143,2.00008177392938
S,143,2.24863308347807
T,143,1.83767523933642
X,143,-3.14864775850303
G,144,2.16385428438518
P,144,2.11360744729546
A,144,1.78970099399664
V,144,0.546612044018986
L,144,2.36517414677021
I,144,-3.25516376297652
M,144,1.70738705142529
C,144,2.29866881268131
F,144,1.3786949641869
Y,144,-1.49072615187875
W,144,2.79641166908693
H,144,1.90314681684979
K,144,2.08767937512392
R,144,1.82955060069206
Q,144,2.18609469845328
N,144,2.3961864798693
E,144,2.27127396063911
D,144,2.06856465092547
S,144,2.30493035290189
T,144,2.63420032440949
X,144,-3.27651091338693
G,145,NA
P,145,-3.05655742959998
A,145,2.99292614331231
V,145,1.92119555829997
L,145,1.9869111916455
I,145,1.19784216944439
M,145,1.68130746780181
C,145,3.05555503298695
F,145,2.15815885709576
Y,145,2.52967085432914
W,145,2.67269299633889
H,145,1.2910625489623
K,145,1.14367999927985
R,145,1.78350474629746
Q,145,2.20918431812116
N,145,NA
E,145,-3.70043971814109
D,145,-2.11008511880736
S,145,-2.37282658675456
T,145,-1.96823878897677
X,145,-3.4594316186373
G,146,3.32023593387026
P,146,-3.59515915006905
A,146,0.524932545862029
V,146,2.20055974826525
L,146,1.67292863237204
I,146,1.84938671701122
M,146,1.24298943322131
C,146,1.07521492576284
F,146,-3.01459748473806
Y,146,NA
W,146,NA
H,146,NA
K,146,NA
R,146,-3.8073549220576
Q,146,NA
N,146,-0.509389832418019
E,146,-3.58496250072116
D,146,-3.48074068215743
S,146,1.31668213247724
T,146,1.41848056616373
X,146,-3.4594316186373
G,147,2.54705437726585
P,147,2.17666942515533
A,147,2.45941604465932
V,147,3.30065532356844
L,147,-0.811732020307301
I,147,3.19756565575126
M,147,1.24368629959563
C,147,3.43710901745472
F,147,0.636504310334214
Y,147,-2.24726235274183
W,147,NA
H,147,2.5878509894591
K,147,NA
R,147,-1.67651320702099
Q,147,1.14348164243569
N,147,1.97155576061587
E,147,6.36249755284035
D,147,2.87192415285098
S,147,1.19967914025662
T,147,2.58275698629501
X,147,-3.57918508949808
G,148,1.59169941533399
P,148,2.16510730778172
A,148,2.1595205284046
V,148,2.24310925384122
L,148,2.03483073038935
I,148,-2.75858357667386
M,148,4.02035532020259
C,148,0.310673222565157
F,148,NA
Y,148,3.46926842328998
W,148,NA
H,148,2.23827933424624
K,148,1.87588824243773
R,148,2.61215944594935
Q,148,2.07451191735876
N,148,1.94651283026423
E,148,2.17196322693329
D,148,1.93292644471672
S,148,1.91897439948048
T,148,1.06034178425673
X,148,-3.58496250072116
G,149,2.43106684782766
P,149,2.14658948320508
A,149,2.00394369909165
V,149,2.5923295766463
L,149,1.99429952668882
I,149,1.93372101166006
M,149,1.43719170439311
C,149,2.37788813924089
F,149,2.28151390692426
Y,149,1.42223482720004
W,149,NA
H,149,1.71669207130854
K,149,2.45710376097652
R,149,1.2595379462106
Q,149,2.21980574859138
N,149,2.07836770630954
E,149,2.16610484918407
D,149,1.94651283026423
S,149,2.07697617547946
T,149,2.92930068789763
X,149,-3.58496250072116
G,150,1.8725351292161
P,150,-3.4594316186373
A,150,1.77813592115701
V,150,2.21980574859138
L,150,1.02983340960868
I,150,1.90314681684979
M,150,-2.75858357667386
C,150,NA
F,150,-3.20400196397271
Y,150,-3.8073549220576
W,150,NA
H,150,NA
K,150,-2.97270263760359
R,150,-3.70043971814109
Q,150,NA
N,150,-2.65354836934589
E,150,-2.60891041734627
D,150,-0.198924136737044
S,150,1.8681971898232
T,150,0.598972097986796
X,150,-3.4594316186373
G,151,2.28807311355728
P,151,1.20381617717314
A,151,1.9732973020968
V,151,2.46191740311885
L,151,2.15047872120971
I,151,2.1258099279
M,151,2.43959054645661
C,151,1.87949574933229
F,151,2.38675041896769
Y,151,2.04265348255721
W,151,1.44878673173074
H,151,1.99215012821177
K,151,1.93777363146949
R,151,1.61817339658108
Q,151,2.48957305461243
N,151,1.22176463012854
E,151,2.17956952446131
D,151,2.3791538631149
S,151,1.22358698197093
T,151,2.22889504317635
X,151,-3.24796948790221
G,152,2.1295995360039
P,152,1.68529311154315
A,152,2.24590932892291
V,152,1.92104770455569
L,152,0.922834538652189
I,152,2.27477465762657
M,152,4.14919411287607
C,152,1.82371296953693
F,152,-0.527890411937854
Y,152,2.84607974942102
W,152,0.843745076005587
H,152,2.96754036680511
K,152,1.75074528444404
R,152,2.21983969895951
Q,152,2.12327029251062
N,152,2.18137372872983
E,152,2.13814432455486
D,152,2.19616835714199
S,152,2.80533687236974
T,152,1.91356617220681
X,152,-2.87564070640459
G,153,2.009014545082
P,153,1.37155800745694
A,153,2.1595071276419
V,153,-0.10868118076443
L,153,2.08277417733997
I,153,2.24863308347807
M,153,1.28641027294622
C,153,1.95746648885771
F,153,1.79866112774063
Y,153,1.98325061784653
W,153,2.27576458920701
H,153,1.19801262532201
K,153,2.18784809612678
R,153,2.22599112568867
Q,153,2.36933345651521
N,153,0.692405309832443
E,153,1.83993334847867
D,153,2.1487667199877
S,153,1.58527937095692
T,153,1.83879349134145
X,153,-3.27538131559333
G,154,2.09157920016851
P,154,-3.4594316186373
A,154,2.38797012269092
V,154,2.4886627260281
L,154,2.16160465558829
I,154,2.10674465151196
M,154,1.96005592743512
C,154,NA
F,154,2.424663266097
Y,154,NA
W,154,NA
H,154,NA
K,154,-4.52356195605701
R,154,-3.4594316186373
Q,154,-0.0585438963493123
N,154,4.10521964429803
E,154,-3.4594316186373
D,154,0.540716487388444
S,154,-2.62264762787454
T,154,1.59369030350241
X,154,-2.4195446104996
G,155,1.8226350292861
P,155,-1.21252512919028
A,155,2.86176952390556
V,155,2.58868177856879
L,155,2.21903968064876
I,155,2.10671572238734
M,155,2.98128107723631
C,155,1.94474819389301
F,155,2.3273645899121
Y,155,1.59655632474422
W,155,-0.392432095857102
H,155,1.77042389503191
K,155,2.24590932892291
R,155,2.12088347209133
Q,155,2.18609469845328
N,155,2.51207514316699
E,155,2.01943278355271
D,155,2.30073004919622
S,155,1.71162142474406
T,155,2.18325240602855
X,155,-0.653643171632238
G,156,1.54916587890677
P,156,3.53993610934919
A,156,2.08767937512392
V,156,2.78330676972214
L,156,2.40985295506547
I,156,1.34012280275755
M,156,2.4636083898362
C,156,2.44140079561732
F,156,NA
Y,156,2.52362525893896
W,156,NA
H,156,2.65856431645258
K,156,2.19093273137593
R,156,2.06153301433757
Q,156,1.71146701750382
N,156,2.04446323571529
E,156,2.27576458920701
D,156,2.22240072031003
S,156,1.19499012985015
T,156,1.85794335755423
X,156,0.574160376092353
G,157,2.25605663338669
P,157,0.379752439944763
A,157,2.85713706739637
V,157,2.68498720295835
L,157,0.882029321620666
I,157,2.49383016487273
M,157,3.18504850549752
C,157,2.17217000809006
F,157,0.300374756035045
Y,157,3.00656104663424
W,157,NA
H,157,1.54148939224481
K,157,2.16442440372283
R,157,1.92754391072655
Q,157,2.30493035290189
N,157,2.5017913335708
E,157,1.10194903104797
D,157,3.05327612466004
S,157,3.09968635343403
T,157,1.52609361270576
X,157,1.0402965461263
G,158,2.23496082028968
P,158,0.662993080614563
A,158,1.89059350588508
V,158,2.85693632206546
L,158,2.20918431812116
I,158,1.82420667117258
M,158,2.34530899183944
C,158,1.07335562513701
F,158,2.30255807235977
Y,158,2.08018395917127
W,158,NA
H,158,1.59640406377799
K,158,2.41768162964972
R,158,2.8555379793329
Q,158,1.16863804345038
N,158,1.39452393768518
E,158,1.85629572961295
D,158,2.31061847738227
S,158,2.07985523578295
T,158,1.59419117026988
X,158,0.784620437759874
G,159,2.14699800347699
P,159,3.23414504907074
A,159,1.78894707827545
V,159,1.69825656880047
L,159,3.55996967244162
I,159,0.768505215252027
M,159,1.03112343385825
C,159,2.36051972614055
F,159,NA
Y,159,3.05759428258789
W,159,NA
H,159,3.33665074730108
K,159,2.68436119663736
R,159,2.82813949287566
Q,159,1.92834442953796
N,159,2.13245712101401
E,159,2.31998185189944
D,159,1.18560396870633
S,159,0.804590689983364
T,159,-0.266071111412725
X,159,2.32861542003191
