position,aa,mutations,fitness,posortho,ingap,mutID,ID
40,P,1,4.01566466091142,40,No,WP_028844278_S40P,WP_028844278
133,R,2,2.06856207466533,134,No,WP_028844278_K134R_K140E,WP_028844278
139,E,2,2.06856207466533,140,No,WP_028844278_K134R_K140E,WP_028844278
71,N,1,3.49247229553057,72,No,WP_028844278_D72N,WP_028844278
67,I,4,2.96513249445664,68,No,WP_028844278_V68I_A84V_A93S_K160R,WP_028844278
83,V,4,2.96513249445664,84,No,WP_028844278_V68I_A84V_A93S_K160R,WP_028844278
92,S,4,2.96513249445664,93,No,WP_028844278_V68I_A84V_A93S_K160R,WP_028844278
159,R,4,2.96513249445664,160,No,WP_028844278_V68I_A84V_A93S_K160R,WP_028844278
28,V,2,2.64026212570628,28,No,WP_028844278_I28V_S39N,WP_028844278
39,N,2,2.64026212570628,39,No,WP_028844278_I28V_S39N,WP_028844278
33,V,3,3.9162727165653,33,No,WP_028844278_I33V_A35T_E135D,WP_028844278
35,T,3,3.9162727165653,35,No,WP_028844278_I33V_A35T_E135D,WP_028844278
134,D,3,3.9162727165653,135,No,WP_028844278_I33V_A35T_E135D,WP_028844278
33,V,1,0.151524638911749,33,No,WP_028844278_I33V,WP_028844278
31,D,5,1.28250527303241,31,No,WP_028844278_E31D_I33V_K61N_G90S_S95R,WP_028844278
33,V,5,1.28250527303241,33,No,WP_028844278_E31D_I33V_K61N_G90S_S95R,WP_028844278
60,N,5,1.28250527303241,61,No,WP_028844278_E31D_I33V_K61N_G90S_S95R,WP_028844278
89,S,5,1.28250527303241,90,No,WP_028844278_E31D_I33V_K61N_G90S_S95R,WP_028844278
94,R,5,1.28250527303241,95,No,WP_028844278_E31D_I33V_K61N_G90S_S95R,WP_028844278
65,P,1,3.3880782715128,66,No,WP_028844278_L66P,WP_028844278
60,N,2,3.27213491650166,61,No,WP_028844278_K61N_R109C,WP_028844278
108,C,2,3.27213491650166,109,No,WP_028844278_K61N_R109C,WP_028844278
33,L,1,3.08612016503002,33,No,WP_028844278_I33L,WP_028844278
92,T,1,4.11795123920238,93,No,WP_028844278_A93T,WP_028844278
15,P,3,4.69361840148711,15,No,WP_028844278_T15P_R108S_E157G,WP_028844278
107,S,3,4.69361840148711,108,No,WP_028844278_T15P_R108S_E157G,WP_028844278
156,G,3,4.69361840148711,157,No,WP_028844278_T15P_R108S_E157G,WP_028844278
84,A,2,3.64441695945672,85,No,WP_028844278_V85A_Y125H,WP_028844278
124,H,2,3.64441695945672,125,No,WP_028844278_V85A_Y125H,WP_028844278
58,A,1,2.13945095591995,59,No,WP_028844278_T59A,WP_028844278
21,A,2,2.05720540175167,21,No,WP_028844278_V21A_L119Q,WP_028844278
118,Q,2,2.05720540175167,119,No,WP_028844278_V21A_L119Q,WP_028844278
26,P,1,2.30365937405615,26,No,WP_028844278_L26P,WP_028844278
151,A,1,0.832411957927956,152,No,WP_028844278_E152A,WP_028844278
99,G,1,2.85653533146668,100,No,WP_028844278_E100G,WP_028844278
67,I,1,3.59349564836338,68,No,WP_028844278_V68I,WP_028844278
4,S,2,3.00618823294479,4,No,WP_028844278_I4S_A104V,WP_028844278
103,V,2,3.00618823294479,104,No,WP_028844278_I4S_A104V,WP_028844278
107,C,1,3.90211928419791,108,No,WP_028844278_R108C,WP_028844278
69,G,3,3.37264349924632,70,No,WP_028844278_S70G_L74P_D77N,WP_028844278
73,P,3,3.37264349924632,74,No,WP_028844278_S70G_L74P_D77N,WP_028844278
76,N,3,3.37264349924632,77,No,WP_028844278_S70G_L74P_D77N,WP_028844278
23,R,2,2.49187273015405,23,No,WP_028844278_K23R_E135G,WP_028844278
134,G,2,2.49187273015405,135,No,WP_028844278_K23R_E135G,WP_028844278
82,G,3,3.37805253338425,83,No,WP_028844278_E83G_V133M_E135G,WP_028844278
132,M,3,3.37805253338425,133,No,WP_028844278_E83G_V133M_E135G,WP_028844278
134,G,3,3.37805253338425,135,No,WP_028844278_E83G_V133M_E135G,WP_028844278
20,G,3,2.28156635875356,20,No,WP_028844278_D20G_D77N_K134R,WP_028844278
76,N,3,2.28156635875356,77,No,WP_028844278_D20G_D77N_K134R,WP_028844278
133,R,3,2.28156635875356,134,No,WP_028844278_D20G_D77N_K134R,WP_028844278
148,A,1,3.4986953412673,149,No,WP_028844278_P149A,WP_028844278
61,F,2,3.64870093585995,62,No,WP_028844278_Y62F_D96G,WP_028844278
95,G,2,3.64870093585995,96,No,WP_028844278_Y62F_D96G,WP_028844278
133,R,1,1.59599393836364,134,No,WP_028844278_K134R,WP_028844278
-1,P,1,2.03703233876028,11,Yes,WP_051487499_S11P,WP_051487499
2,G,2,5.48055992853867,2,No,WP_051487499_E2G_I141T,WP_051487499
131,T,2,5.48055992853867,141,No,WP_051487499_E2G_I141T,WP_051487499
128,R,2,3.03086940468595,138,No,WP_051487499_S138R_T151M,WP_051487499
141,M,2,3.03086940468595,151,No,WP_051487499_S138R_T151M,WP_051487499
54,L,2,3.18157905228171,64,No,WP_051487499_F64L_E133D,WP_051487499
123,D,2,3.18157905228171,133,No,WP_051487499_F64L_E133D,WP_051487499
110,K,1,2.91053279891164,120,No,WP_051487499_N120K,WP_051487499
54,S,1,0.699179981307482,64,No,WP_051487499_F64S,WP_051487499
78,T,1,4.2230833208032,88,No,WP_051487499_A88T,WP_051487499
45,T,1,3.30389585496244,55,No,WP_051487499_M55T,WP_051487499
54,Y,2,2.29032829036147,64,No,WP_051487499_F64Y_V103I,WP_051487499
93,I,2,2.29032829036147,103,No,WP_051487499_F64Y_V103I,WP_051487499
25,T,3,3.7008108547296,35,No,WP_051487499_A35T_K48E_D86E,WP_051487499
38,E,3,3.7008108547296,48,No,WP_051487499_A35T_K48E_D86E,WP_051487499
76,E,3,3.7008108547296,86,No,WP_051487499_A35T_K48E_D86E,WP_051487499
24,H,2,2.75255034267425,34,No,WP_051487499_R34H_K48R,WP_051487499
38,R,2,2.75255034267425,48,No,WP_051487499_R34H_K48R,WP_051487499
69,S,2,2.37089076137165,79,No,WP_051487499_G79S_E133D,WP_051487499
123,D,2,2.37089076137165,133,No,WP_051487499_G79S_E133D,WP_051487499
42,R,1,4.92474885020024,52,No,WP_051487499_K52R,WP_051487499
54,S,2,1.5220897141165,64,No,WP_051487499_F64S_D86N,WP_051487499
76,N,2,1.5220897141165,86,No,WP_051487499_F64S_D86N,WP_051487499
69,G,3,4.28643477466464,69,No,WP_013656808_S69G_G139C_G161D,WP_013656808
139,C,3,4.28643477466464,139,No,WP_013656808_S69G_G139C_G161D,WP_013656808
-1,D,3,4.28643477466464,161,Yes,WP_013656808_S69G_G139C_G161D,WP_013656808
64,H,2,2.19930156625784,64,No,WP_013656808_N64H_Q98K,WP_013656808
98,K,2,2.19930156625784,98,No,WP_013656808_N64H_Q98K,WP_013656808
131,V,1,4.34664998639895,131,No,WP_013656808_A131V,WP_013656808
29,I,4,4.93830006516935,28,No,WP_013656808_V28I_E97D_L110P_E123G,WP_013656808
97,D,4,4.93830006516935,97,No,WP_013656808_V28I_E97D_L110P_E123G,WP_013656808
110,P,4,4.93830006516935,110,No,WP_013656808_V28I_E97D_L110P_E123G,WP_013656808
123,G,4,4.93830006516935,123,No,WP_013656808_V28I_E97D_L110P_E123G,WP_013656808
44,V,2,1.99765345501149,44,No,WP_013656808_G44V_N157S,WP_013656808
157,S,2,1.99765345501149,157,No,WP_013656808_G44V_N157S,WP_013656808
64,H,2,2.24691977932459,64,No,WP_013656808_N64H_E123G,WP_013656808
123,G,2,2.24691977932459,123,No,WP_013656808_N64H_E123G,WP_013656808
123,K,3,2.60851216895797,123,No,WP_013656808_E123K_A151V_M159T,WP_013656808
151,V,3,2.60851216895797,151,No,WP_013656808_E123K_A151V_M159T,WP_013656808
-1,T,3,2.60851216895797,159,Yes,WP_013656808_E123K_A151V_M159T,WP_013656808
45,M,3,4.1401801945101,45,No,WP_013656808_L45M_S69G_G161D,WP_013656808
69,G,3,4.1401801945101,69,No,WP_013656808_L45M_S69G_G161D,WP_013656808
-1,D,3,4.1401801945101,161,Yes,WP_013656808_L45M_S69G_G161D,WP_013656808
22,T,2,4.18688187828786,21,No,WP_013656808_I21T_F145S,WP_013656808
145,S,2,4.18688187828786,145,No,WP_013656808_I21T_F145S,WP_013656808
101,Y,2,6.14455806269926,101,No,WP_013656808_N101Y_V116A,WP_013656808
116,A,2,6.14455806269926,116,No,WP_013656808_N101Y_V116A,WP_013656808
35,T,2,5.09116868340453,34,No,WP_013656808_A34T_S69G,WP_013656808
69,G,2,5.09116868340453,69,No,WP_013656808_A34T_S69G,WP_013656808
51,H,2,3.71545223366668,51,No,WP_013656808_R51H_V132I,WP_013656808
132,I,2,3.71545223366668,132,No,WP_013656808_R51H_V132I,WP_013656808
69,G,2,0.0693665088778818,69,No,WP_013656808_S69G_Q98H,WP_013656808
98,H,2,0.0693665088778818,98,No,WP_013656808_S69G_Q98H,WP_013656808
72,C,2,4.50711858586989,72,No,WP_013656808_G72C_Q104P,WP_013656808
104,P,2,4.50711858586989,104,No,WP_013656808_G72C_Q104P,WP_013656808
69,G,4,3.05694904104308,69,No,WP_013656808_S69G_E123K_A151V_M159T,WP_013656808
123,K,4,3.05694904104308,123,No,WP_013656808_S69G_E123K_A151V_M159T,WP_013656808
151,V,4,3.05694904104308,151,No,WP_013656808_S69G_E123K_A151V_M159T,WP_013656808
-1,T,4,3.05694904104308,159,Yes,WP_013656808_S69G_E123K_A151V_M159T,WP_013656808
81,E,2,4.0136441410495,81,No,WP_013656808_K81E_M119T,WP_013656808
119,T,2,4.0136441410495,119,No,WP_013656808_K81E_M119T,WP_013656808
69,R,1,3.31395379014265,69,No,WP_013656808_S69R,WP_013656808
40,S,1,0.338320292468235,39,No,WP_013656808_P39S,WP_013656808
66,R,1,1.46195057233618,66,No,WP_013656808_K66R,WP_013656808
82,R,4,4.21377523570531,82,No,WP_013656808_Q82R_E99G_F117L_A131E,WP_013656808
99,G,4,4.21377523570531,99,No,WP_013656808_Q82R_E99G_F117L_A131E,WP_013656808
117,L,4,4.21377523570531,117,No,WP_013656808_Q82R_E99G_F117L_A131E,WP_013656808
131,E,4,4.21377523570531,131,No,WP_013656808_Q82R_E99G_F117L_A131E,WP_013656808
81,R,2,2.78538685112356,81,No,WP_013656808_K81R_G139A,WP_013656808
139,A,2,2.78538685112356,139,No,WP_013656808_K81R_G139A,WP_013656808
152,G,1,2.43957516685674,152,No,WP_013656808_D152G,WP_013656808
69,G,2,5.29707470392284,69,No,WP_013656808_S69G_F145L,WP_013656808
145,L,2,5.29707470392284,145,No,WP_013656808_S69G_F145L,WP_013656808
69,G,2,1.18163696123637,69,No,WP_013656808_S69G_E97D,WP_013656808
97,D,2,1.18163696123637,97,No,WP_013656808_S69G_E97D,WP_013656808
55,R,2,2.65471951721612,55,No,WP_013656808_M55R_C137Y,WP_013656808
137,Y,2,2.65471951721612,137,No,WP_013656808_M55R_C137Y,WP_013656808
110,R,1,4.76695555254166,110,No,WP_013656808_L110R,WP_013656808
16,S,2,3.65027308229573,15,No,WP_013656808_N15S_M159T,WP_013656808
-1,T,2,3.65027308229573,159,Yes,WP_013656808_N15S_M159T,WP_013656808
132,I,1,0.463660376665512,132,No,WP_013656808_V132I,WP_013656808
-1,C,1,1.250891707858,160,Yes,WP_013656808_R160C,WP_013656808
7,C,2,3.40842367968814,6,No,WP_013656808_Y6C_E97D,WP_013656808
97,D,2,3.40842367968814,97,No,WP_013656808_Y6C_E97D,WP_013656808
7,F,2,3.32548050151795,6,No,WP_013656808_Y6F_A78T,WP_013656808
78,T,2,3.32548050151795,78,No,WP_013656808_Y6F_A78T,WP_013656808
57,V,1,3.78624723541567,57,No,WP_013656808_E57V,WP_013656808
6,T,2,2.56874345076917,5,No,WP_013656808_I5T_G93D,WP_013656808
93,D,2,2.56874345076917,93,No,WP_013656808_I5T_G93D,WP_013656808
59,A,1,4.64565189367124,59,No,WP_013656808_T59A,WP_013656808
26,T,1,3.50317373835082,25,No,WP_013656808_A25T,WP_013656808
137,R,1,3.29854973578656,137,No,WP_013656808_C137R,WP_013656808
133,C,1,1.17829281379664,133,No,WP_013656808_R133C,WP_013656808
159,C,1,3.29013205461344,162,No,WP_013656808_R162C,WP_013656808
5,V,3,3.88534536351039,4,No,WP_013656808_G4V_S69G_F96S,WP_013656808
69,G,3,3.88534536351039,69,No,WP_013656808_G4V_S69G_F96S,WP_013656808
96,S,3,3.88534536351039,96,No,WP_013656808_G4V_S69G_F96S,WP_013656808
28,V,2,2.74451530803702,27,No,WP_013656808_I27V_I52T,WP_013656808
52,T,2,2.74451530803702,52,No,WP_013656808_I27V_I52T,WP_013656808
42,R,2,4.4083881889159,40,No,WP_054252071_K40R_V129L,WP_054252071
131,L,2,4.4083881889159,129,No,WP_054252071_K40R_V129L,WP_054252071
104,R,1,3.58493450384906,102,No,WP_054252071_L102R,WP_054252071
71,X,1,2.45499247108113,69,No,WP_054252071_S69X,WP_054252071
101,L,2,3.41081541332119,99,No,WP_054252071_R99L_V129A,WP_054252071
131,A,2,3.41081541332119,129,No,WP_054252071_R99L_V129A,WP_054252071
101,H,3,1.78932082955708,99,No,WP_054252071_R99H_N100D_I114V,WP_054252071
102,D,3,1.78932082955708,100,No,WP_054252071_R99H_N100D_I114V,WP_054252071
116,V,3,1.78932082955708,114,No,WP_054252071_R99H_N100D_I114V,WP_054252071
14,I,3,0.585896210817713,12,No,WP_054252071_V12I_A51T_S128L,WP_054252071
53,T,3,0.585896210817713,51,No,WP_054252071_V12I_A51T_S128L,WP_054252071
130,L,3,0.585896210817713,128,No,WP_054252071_V12I_A51T_S128L,WP_054252071
68,E,1,4.05794987126715,66,No,WP_054252071_D66E,WP_054252071
124,N,1,2.95396764430017,122,No,WP_054252071_Y122N,WP_054252071
46,L,3,3.83624632851064,44,No,WP_054252071_F44L_E61K_V76A,WP_054252071
63,K,3,3.83624632851064,61,No,WP_054252071_F44L_E61K_V76A,WP_054252071
78,A,3,3.83624632851064,76,No,WP_054252071_F44L_E61K_V76A,WP_054252071
127,Q,2,4.22726939219789,125,No,WP_054252071_L125Q_V129A,WP_054252071
131,A,2,4.22726939219789,129,No,WP_054252071_L125Q_V129A,WP_054252071
38,G,2,0.940801186647778,36,No,WP_054252071_D36G_L125Q,WP_054252071
127,Q,2,0.940801186647778,125,No,WP_054252071_D36G_L125Q,WP_054252071
2,E,3,3.5692001404397,2,No,WP_054252071_K2E_N100D_S106R,WP_054252071
102,D,3,3.5692001404397,100,No,WP_054252071_K2E_N100D_S106R,WP_054252071
108,R,3,3.5692001404397,106,No,WP_054252071_K2E_N100D_S106R,WP_054252071
44,T,5,2.60063360188987,42,No,WP_054252071_P42T_E48G_K119R_E132K_M143I,WP_054252071
50,G,5,2.60063360188987,48,No,WP_054252071_P42T_E48G_K119R_E132K_M143I,WP_054252071
121,R,5,2.60063360188987,119,No,WP_054252071_P42T_E48G_K119R_E132K_M143I,WP_054252071
134,K,5,2.60063360188987,132,No,WP_054252071_P42T_E48G_K119R_E132K_M143I,WP_054252071
145,I,5,2.60063360188987,143,No,WP_054252071_P42T_E48G_K119R_E132K_M143I,WP_054252071
26,T,2,3.71051677659211,24,No,WP_054252071_A24T_R89P,WP_054252071
91,P,2,3.71051677659211,89,No,WP_054252071_A24T_R89P,WP_054252071
88,C,1,1.51928254969005,86,No,WP_054252071_R86C,WP_054252071
133,E,1,4.20342778748314,131,No,WP_054252071_K131E,WP_054252071
76,N,1,3.42131008911771,74,No,WP_054252071_D74N,WP_054252071
150,I,1,2.71189386710655,148,No,WP_054252071_V148I,WP_054252071
29,S,3,3.11774805326593,27,No,WP_054252071_F27S_S41C_D74Y,WP_054252071
43,C,3,3.11774805326593,41,No,WP_054252071_F27S_S41C_D74Y,WP_054252071
76,Y,3,3.11774805326593,74,No,WP_054252071_F27S_S41C_D74Y,WP_054252071
28,S,5,4.05965019954894,26,No,WP_054252071_N26S_F27S_L35M_A51E_E146G,WP_054252071
29,S,5,4.05965019954894,27,No,WP_054252071_N26S_F27S_L35M_A51E_E146G,WP_054252071
37,M,5,4.05965019954894,35,No,WP_054252071_N26S_F27S_L35M_A51E_E146G,WP_054252071
53,E,5,4.05965019954894,51,No,WP_054252071_N26S_F27S_L35M_A51E_E146G,WP_054252071
148,G,5,4.05965019954894,146,No,WP_054252071_N26S_F27S_L35M_A51E_E146G,WP_054252071
43,G,1,3.70312333757893,41,No,WP_054252071_S41G,WP_054252071
136,T,1,0.759284490728596,134,No,WP_054252071_A134T,WP_054252071
58,V,1,2.8366681452245,56,No,WP_054252071_A56V,WP_054252071
53,V,1,4.13713858224966,51,No,WP_054252071_A51V,WP_054252071
2,E,2,0.0332786304391046,2,No,WP_054252071_K2E_M116I,WP_054252071
118,I,2,0.0332786304391046,116,No,WP_054252071_K2E_M116I,WP_054252071
68,K,2,4.09882948774809,67,No,WP_025344788_E67K_S133N,WP_025344788
134,N,2,4.09882948774809,133,No,WP_025344788_E67K_S133N,WP_025344788
70,L,2,1.84408933336876,69,No,WP_025344788_F69L_G102S,WP_025344788
103,S,2,1.84408933336876,102,No,WP_025344788_F69L_G102S,WP_025344788
58,T,1,1.34791829248865,57,No,WP_025344788_A57T,WP_025344788
62,L,2,4.07257106608538,61,No,WP_025344788_M61L_F97S,WP_025344788
98,S,2,4.07257106608538,97,No,WP_025344788_M61L_F97S,WP_025344788
5,V,2,4.90842372789546,4,No,WP_025344788_A4V_M101L,WP_025344788
102,L,2,4.90842372789546,101,No,WP_025344788_A4V_M101L,WP_025344788
144,Y,1,3.92633865913922,143,No,WP_025344788_H143Y,WP_025344788
106,I,3,3.68097166415422,105,No,WP_025344788_N105I_L121M_P147L,WP_025344788
122,M,3,3.68097166415422,121,No,WP_025344788_N105I_L121M_P147L,WP_025344788
148,L,3,3.68097166415422,147,No,WP_025344788_N105I_L121M_P147L,WP_025344788
29,S,2,3.09022932496284,28,No,WP_025344788_F28S_S127C,WP_025344788
128,C,2,3.09022932496284,127,No,WP_025344788_F28S_S127C,WP_025344788
98,L,2,3.07835887229396,97,No,WP_025344788_F97L_G102D,WP_025344788
103,D,2,3.07835887229396,102,No,WP_025344788_F97L_G102D,WP_025344788
68,G,5,5.96977215261451,67,No,WP_025344788_E67G_V84G_A106E_R132H_S133N,WP_025344788
85,G,5,5.96977215261451,84,No,WP_025344788_E67G_V84G_A106E_R132H_S133N,WP_025344788
107,E,5,5.96977215261451,106,No,WP_025344788_E67G_V84G_A106E_R132H_S133N,WP_025344788
133,H,5,5.96977215261451,132,No,WP_025344788_E67G_V84G_A106E_R132H_S133N,WP_025344788
134,N,5,5.96977215261451,133,No,WP_025344788_E67G_V84G_A106E_R132H_S133N,WP_025344788
115,A,3,5.95568700570906,114,No,WP_025344788_T114A_L121P_A124E,WP_025344788
122,P,3,5.95568700570906,121,No,WP_025344788_T114A_L121P_A124E,WP_025344788
125,E,3,5.95568700570906,124,No,WP_025344788_T114A_L121P_A124E,WP_025344788
102,I,2,3.38889249227061,101,No,WP_025344788_M101I_S133N,WP_025344788
134,N,2,3.38889249227061,133,No,WP_025344788_M101I_S133N,WP_025344788
104,H,3,5.42303206362951,103,No,WP_025344788_Y103H_I134V_N140S,WP_025344788
135,V,3,5.42303206362951,134,No,WP_025344788_Y103H_I134V_N140S,WP_025344788
141,S,3,5.42303206362951,140,No,WP_025344788_Y103H_I134V_N140S,WP_025344788
68,K,3,0.429056019734187,67,No,WP_025344788_E67K_K136R_M148I,WP_025344788
137,R,3,0.429056019734187,136,No,WP_025344788_E67K_K136R_M148I,WP_025344788
149,I,3,0.429056019734187,148,No,WP_025344788_E67K_K136R_M148I,WP_025344788
99,G,2,1.14725363487777,98,No,WP_025344788_E98G_F157S,WP_025344788
158,S,2,1.14725363487777,157,No,WP_025344788_E98G_F157S,WP_025344788
43,H,1,1.7022533610448,42,No,WP_025344788_R42H,WP_025344788
87,L,5,4.01408161382476,86,No,WP_025344788_I86L_A91P_G102I_A104S_S120R,WP_025344788
92,P,5,4.01408161382476,91,No,WP_025344788_I86L_A91P_G102I_A104S_S120R,WP_025344788
103,I,5,4.01408161382476,102,No,WP_025344788_I86L_A91P_G102I_A104S_S120R,WP_025344788
105,S,5,4.01408161382476,104,No,WP_025344788_I86L_A91P_G102I_A104S_S120R,WP_025344788
121,R,5,4.01408161382476,120,No,WP_025344788_I86L_A91P_G102I_A104S_S120R,WP_025344788
69,L,1,2.82118877460203,68,No,WP_025344788_P68L,WP_025344788
68,A,5,5.27653536271957,67,No,WP_025344788_E67A_S120R_N123I_I134L_H137R,WP_025344788
121,R,5,5.27653536271957,120,No,WP_025344788_E67A_S120R_N123I_I134L_H137R,WP_025344788
124,I,5,5.27653536271957,123,No,WP_025344788_E67A_S120R_N123I_I134L_H137R,WP_025344788
135,L,5,5.27653536271957,134,No,WP_025344788_E67A_S120R_N123I_I134L_H137R,WP_025344788
138,R,5,5.27653536271957,137,No,WP_025344788_E67A_S120R_N123I_I134L_H137R,WP_025344788
67,G,2,3.08052131168848,66,No,WP_025344788_V66G_F97S,WP_025344788
98,S,2,3.08052131168848,97,No,WP_025344788_V66G_F97S,WP_025344788
38,P,5,0.453475823483765,37,No,WP_025344788_L37P_E67R_S155X_R156T_F157L,WP_025344788
68,R,5,0.453475823483765,67,No,WP_025344788_L37P_E67R_S155X_R156T_F157L,WP_025344788
156,X,5,0.453475823483765,155,No,WP_025344788_L37P_E67R_S155X_R156T_F157L,WP_025344788
157,T,5,0.453475823483765,156,No,WP_025344788_L37P_E67R_S155X_R156T_F157L,WP_025344788
158,L,5,0.453475823483765,157,No,WP_025344788_L37P_E67R_S155X_R156T_F157L,WP_025344788
62,L,4,1.21453982459924,61,No,WP_025344788_M61L_G102D_M118I_I134V,WP_025344788
103,D,4,1.21453982459924,102,No,WP_025344788_M61L_G102D_M118I_I134V,WP_025344788
119,I,4,1.21453982459924,118,No,WP_025344788_M61L_G102D_M118I_I134V,WP_025344788
135,V,4,1.21453982459924,134,No,WP_025344788_M61L_G102D_M118I_I134V,WP_025344788
68,A,1,0.170688438741938,67,No,WP_025344788_E67A,WP_025344788
29,I,2,1.53016374006214,28,No,WP_025344788_F28I_K122E,WP_025344788
123,E,2,1.53016374006214,122,No,WP_025344788_F28I_K122E,WP_025344788
6,V,4,0.466866461731209,5,No,WP_025344788_I5V_E67G_S75T_G102D,WP_025344788
68,G,4,0.466866461731209,67,No,WP_025344788_I5V_E67G_S75T_G102D,WP_025344788
76,T,4,0.466866461731209,75,No,WP_025344788_I5V_E67G_S75T_G102D,WP_025344788
103,D,4,0.466866461731209,102,No,WP_025344788_I5V_E67G_S75T_G102D,WP_025344788
73,P,1,0.717011461404936,72,No,WP_025344788_L72P,WP_025344788
103,D,3,1.73334530098583,102,No,WP_025344788_G102D_S133N_V141M,WP_025344788
134,N,3,1.73334530098583,133,No,WP_025344788_G102D_S133N_V141M,WP_025344788
142,M,3,1.73334530098583,141,No,WP_025344788_G102D_S133N_V141M,WP_025344788
47,E,4,1.78719677358723,46,No,WP_025344788_D46E_E67G_A104V_I134L,WP_025344788
68,G,4,1.78719677358723,67,No,WP_025344788_D46E_E67G_A104V_I134L,WP_025344788
105,V,4,1.78719677358723,104,No,WP_025344788_D46E_E67G_A104V_I134L,WP_025344788
135,L,4,1.78719677358723,134,No,WP_025344788_D46E_E67G_A104V_I134L,WP_025344788
67,E,2,3.31796364018197,66,No,WP_025344788_V66E_V130M,WP_025344788
131,M,2,3.31796364018197,130,No,WP_025344788_V66E_V130M,WP_025344788
98,S,2,1.96233354801349,97,No,WP_025344788_F97S_A135V,WP_025344788
136,V,2,1.96233354801349,135,No,WP_025344788_F97S_A135V,WP_025344788
104,H,5,4.35573008462451,103,No,WP_025344788_Y103H_I112M_T114I_S133N_T158I,WP_025344788
113,M,5,4.35573008462451,112,No,WP_025344788_Y103H_I112M_T114I_S133N_T158I,WP_025344788
115,I,5,4.35573008462451,114,No,WP_025344788_Y103H_I112M_T114I_S133N_T158I,WP_025344788
134,N,5,4.35573008462451,133,No,WP_025344788_Y103H_I112M_T114I_S133N_T158I,WP_025344788
-1,I,5,4.35573008462451,158,Yes,WP_025344788_Y103H_I112M_T114I_S133N_T158I,WP_025344788
62,T,2,0.347345711953069,61,No,WP_025344788_M61T_G102D,WP_025344788
103,D,2,0.347345711953069,102,No,WP_025344788_M61T_G102D,WP_025344788
68,G,3,1.48644771498093,67,No,WP_025344788_E67G_F97S_S133N,WP_025344788
98,S,3,1.48644771498093,97,No,WP_025344788_E67G_F97S_S133N,WP_025344788
134,N,3,1.48644771498093,133,No,WP_025344788_E67G_F97S_S133N,WP_025344788
120,S,1,0.137245713105508,119,No,WP_025344788_P119S,WP_025344788
105,E,1,2.91230678054712,104,No,WP_025344788_A104E,WP_025344788
43,C,3,2.04484481102508,42,No,WP_025344788_R42C_G102D_I134V,WP_025344788
103,D,3,2.04484481102508,102,No,WP_025344788_R42C_G102D_I134V,WP_025344788
135,V,3,2.04484481102508,134,No,WP_025344788_R42C_G102D_I134V,WP_025344788
103,D,2,2.4906148417139,102,No,WP_025344788_G102D_E111G,WP_025344788
112,G,2,2.4906148417139,111,No,WP_025344788_G102D_E111G,WP_025344788
64,D,2,1.78997548768518,63,No,WP_025344788_G63D_F97S,WP_025344788
98,S,2,1.78997548768518,97,No,WP_025344788_G63D_F97S,WP_025344788
30,E,1,5.13626251412134,29,No,WP_025344788_D29E,WP_025344788
10,S,3,6.93662359131922,9,No,WP_025344788_T9S_M101R_I134V,WP_025344788
102,R,3,6.93662359131922,101,No,WP_025344788_T9S_M101R_I134V,WP_025344788
135,V,3,6.93662359131922,134,No,WP_025344788_T9S_M101R_I134V,WP_025344788
103,D,2,3.13476962698743,102,No,WP_025344788_G102D_I134V,WP_025344788
135,V,2,3.13476962698743,134,No,WP_025344788_G102D_I134V,WP_025344788
68,G,2,0.958308065798052,67,No,WP_025344788_E67G_S133N,WP_025344788
134,N,2,0.958308065798052,133,No,WP_025344788_E67G_S133N,WP_025344788
135,V,2,5.34204616142447,134,No,WP_025344788_I134V_N140D,WP_025344788
141,D,2,5.34204616142447,140,No,WP_025344788_I134V_N140D,WP_025344788
5,V,2,0.863872951881116,4,No,WP_025344788_A4V_G102S,WP_025344788
103,S,2,0.863872951881116,102,No,WP_025344788_A4V_G102S,WP_025344788
114,G,1,4.33244713269465,113,No,WP_015424809_E113G,WP_015424809
2,G,2,0.274183040653573,2,No,WP_015424809_S2G_A36T,WP_015424809
37,T,2,0.274183040653573,36,No,WP_015424809_S2G_A36T,WP_015424809
90,V,1,5.1845794104283,89,No,WP_015424809_M89V,WP_015424809
130,N,1,1.96259975475232,129,No,WP_015424809_S129N,WP_015424809
53,G,2,3.48362569869125,52,No,WP_015424809_E52G_P62L,WP_015424809
63,L,2,3.48362569869125,62,No,WP_015424809_E52G_P62L,WP_015424809
36,L,3,3.23846351680098,35,No,WP_015424809_V35L_P110T_S129R,WP_015424809
111,T,3,3.23846351680098,110,No,WP_015424809_V35L_P110T_S129R,WP_015424809
130,R,3,3.23846351680098,129,No,WP_015424809_V35L_P110T_S129R,WP_015424809
64,Y,1,1.98707261665795,63,No,WP_015424809_N63Y,WP_015424809
110,D,3,1.58941296072073,115,No,WP_011282085_N115D_S133C_K160E,WP_011282085
128,C,3,1.58941296072073,133,No,WP_011282085_N115D_S133C_K160E,WP_011282085
155,E,3,1.58941296072073,160,No,WP_011282085_N115D_S133C_K160E,WP_011282085
36,V,1,1.5835356982193,36,No,WP_011282085_A36V,WP_011282085
63,N,2,0.985566067138585,68,No,WP_011282085_K68N_Q106L,WP_011282085
101,L,2,0.985566067138585,106,No,WP_011282085_K68N_Q106L,WP_011282085
155,E,1,0.83638681949034,160,No,WP_011282085_K160E,WP_011282085
56,N,1,0.00193824464007353,56,No,WP_011282085_K56N,WP_011282085
2,Q,1,3.19271143863728,2,No,WP_011282085_K2Q,WP_011282085
136,A,1,0.0700896166403371,141,No,WP_011282085_V141A,WP_011282085
132,I,2,0.304680662476121,137,No,WP_011282085_V137I_K160R,WP_011282085
155,R,2,0.304680662476121,160,No,WP_011282085_V137I_K160R,WP_011282085
157,R,1,1.17804251534873,162,No,WP_011282085_K162R,WP_011282085
46,L,3,2.57222021675084,46,No,WP_011282085_F46L_Y103D_I121S,WP_011282085
98,D,3,2.57222021675084,103,No,WP_011282085_F46L_Y103D_I121S,WP_011282085
116,S,3,2.57222021675084,121,No,WP_011282085_F46L_Y103D_I121S,WP_011282085
56,R,2,4.3600431129625,56,No,WP_011282085_K56R_K153E,WP_011282085
148,E,2,4.3600431129625,153,No,WP_011282085_K56R_K153E,WP_011282085
63,N,2,2.20224956546002,68,No,WP_011282085_K68N_F105L,WP_011282085
100,L,2,2.20224956546002,105,No,WP_011282085_K68N_F105L,WP_011282085
25,S,1,0.887790996977406,25,No,WP_011282085_A25S,WP_011282085
63,N,1,0.655983106869679,68,No,WP_011282085_K68N,WP_011282085
18,D,1,2.75642769043291,18,No,WP_011282085_H18D,WP_011282085
63,N,2,6.03653065777012,68,No,WP_011282085_K68N_N117S,WP_011282085
112,S,2,6.03653065777012,117,No,WP_011282085_K68N_N117S,WP_011282085
53,K,3,3.09227682849124,53,No,WP_011282085_Q53K_K67R_I147L,WP_011282085
62,R,3,3.09227682849124,67,No,WP_011282085_Q53K_K67R_I147L,WP_011282085
142,L,3,3.09227682849124,147,No,WP_011282085_Q53K_K67R_I147L,WP_011282085
66,K,1,0.00977822954082863,71,No,WP_011282085_E71K,WP_011282085
132,I,2,1.35411306207108,137,No,WP_011282085_V137I_K157E,WP_011282085
152,E,2,1.35411306207108,157,No,WP_011282085_V137I_K157E,WP_011282085
39,S,3,3.28093103474128,39,No,WP_011282085_G39S_Q53R_K67R,WP_011282085
53,R,3,3.28093103474128,53,No,WP_011282085_G39S_Q53R_K67R,WP_011282085
62,R,3,3.28093103474128,67,No,WP_011282085_G39S_Q53R_K67R,WP_011282085
48,G,2,0.967610822765947,48,No,WP_011282085_S48G_K68N,WP_011282085
63,N,2,0.967610822765947,68,No,WP_011282085_S48G_K68N,WP_011282085
63,E,1,1.55733429367682,68,No,WP_011282085_K68E,WP_011282085
134,G,1,2.25200764021982,133,No,CDD22856_E133G,CDD22856
122,H,2,3.73176346595362,121,No,CDD22856_R121H_A147T,CDD22856
148,T,2,3.73176346595362,147,No,CDD22856_R121H_A147T,CDD22856
101,R,2,3.65957253035674,100,No,CDD22856_Q100R_A147T,CDD22856
148,T,2,3.65957253035674,147,No,CDD22856_Q100R_A147T,CDD22856
148,S,1,1.44390785563784,147,No,CDD22856_A147S,CDD22856
65,X,1,3.65959600881637,64,No,CDD22856_V64X,CDD22856
135,A,1,0.967806612061151,139,No,WP_009108361_V139A,WP_009108361
107,D,1,3.14501877100168,112,No,AGA64377_N112D,AGA64377
90,P,2,4.09505557431632,95,No,AGA64377_L95P_Y163D,AGA64377
158,D,2,4.09505557431632,163,No,AGA64377_L95P_Y163D,AGA64377
101,K,1,1.97000592406866,106,No,AGA64377_H106K,AGA64377
19,I,2,4.36447606742897,19,No,AGA64377_M19I_M73I,AGA64377
68,I,2,4.36447606742897,73,No,AGA64377_M19I_M73I,AGA64377
87,I,2,3.12096770966078,92,No,AGA64377_V92I_R153H,AGA64377
148,H,2,3.12096770966078,153,No,AGA64377_V92I_R153H,AGA64377
95,E,3,3.18542323822147,100,No,AGA64377_D100E_R130C_A161E,AGA64377
125,C,3,3.18542323822147,130,No,AGA64377_D100E_R130C_A161E,AGA64377
156,E,3,3.18542323822147,161,No,AGA64377_D100E_R130C_A161E,AGA64377
-1,V,1,2.92411296914166,63,Yes,AGA64377_I63V,AGA64377
35,S,2,0.12950115373559,34,No,CDB18826_G34S_F95L,CDB18826
96,L,2,0.12950115373559,95,No,CDB18826_G34S_F95L,CDB18826
103,T,1,0.248609591125983,102,No,CDB18826_A102T,CDB18826
25,A,4,4.1255173018968,24,No,CDB18826_T24A_A40T_I66S_Q107H,CDB18826
41,T,4,4.1255173018968,40,No,CDB18826_T24A_A40T_I66S_Q107H,CDB18826
67,S,4,4.1255173018968,66,No,CDB18826_T24A_A40T_I66S_Q107H,CDB18826
108,H,4,4.1255173018968,107,No,CDB18826_T24A_A40T_I66S_Q107H,CDB18826
26,V,4,1.80953692240917,25,No,CDB18826_A25V_A135T_P146L_K158R,CDB18826
136,T,4,1.80953692240917,135,No,CDB18826_A25V_A135T_P146L_K158R,CDB18826
147,L,4,1.80953692240917,146,No,CDB18826_A25V_A135T_P146L_K158R,CDB18826
-1,R,4,1.80953692240917,158,Yes,CDB18826_A25V_A135T_P146L_K158R,CDB18826
10,C,2,0.250680057029309,9,No,CDB18826_S9C_E49K,CDB18826
50,K,2,0.250680057029309,49,No,CDB18826_S9C_E49K,CDB18826
35,D,3,1.22352720818821,34,No,CDB18826_G34D_A91T_F95L,CDB18826
92,T,3,1.22352720818821,91,No,CDB18826_G34D_A91T_F95L,CDB18826
96,L,3,1.22352720818821,95,No,CDB18826_G34D_A91T_F95L,CDB18826
93,M,1,1.62612235540303,100,No,GAN25685_V100M,GAN25685
6,V,1,0.648802128469991,6,No,WP_029455214_I6V,WP_029455214
81,H,1,5.33026759832693,86,No,WP_029455214_Y86H,WP_029455214
99,R,1,2.85608483066415,104,No,WP_029455214_E104R,WP_029455214
93,A,1,4.37229969395683,98,No,WP_029455214_V98A,WP_029455214
2,D,3,0.739354854102932,2,No,WP_029455214_N2D_K69R_A97V,WP_029455214
64,R,3,0.739354854102932,69,No,WP_029455214_N2D_K69R_A97V,WP_029455214
92,V,3,0.739354854102932,97,No,WP_029455214_N2D_K69R_A97V,WP_029455214
20,G,3,4.21847588687087,20,No,WP_029455214_D20G_A97V_D146N,WP_029455214
92,V,3,4.21847588687087,97,No,WP_029455214_D20G_A97V_D146N,WP_029455214
141,N,3,4.21847588687087,146,No,WP_029455214_D20G_A97V_D146N,WP_029455214
3,E,1,2.6815427917387,3,No,WP_029455214_K3E,WP_029455214
79,N,2,4.77128554139695,84,No,WP_029455214_K84N_A97S,WP_029455214
92,S,2,4.77128554139695,97,No,WP_029455214_K84N_A97S,WP_029455214
2,D,2,3.50264105094156,2,No,WP_029455214_N2D_K69R,WP_029455214
64,R,2,3.50264105094156,69,No,WP_029455214_N2D_K69R,WP_029455214
21,I,1,5.02384211286509,21,No,WP_029455214_V21I,WP_029455214
36,I,2,2.78934125618097,36,No,WP_029455214_V36I_K69I,WP_029455214
64,I,2,2.78934125618097,69,No,WP_029455214_V36I_K69I,WP_029455214
64,I,2,1.08822619913131,69,No,WP_029455214_K69I_A97S,WP_029455214
92,S,2,1.08822619913131,97,No,WP_029455214_K69I_A97S,WP_029455214
64,R,1,2.05200770401925,69,No,WP_029455214_K69R,WP_029455214
64,T,1,3.33629900061841,69,No,WP_029455214_K69T,WP_029455214
80,E,1,1.61298223830141,85,No,WP_029455214_K85E,WP_029455214
64,R,2,4.16026911199553,69,No,WP_029455214_K69R_R112H,WP_029455214
107,H,2,4.16026911199553,112,No,WP_029455214_K69R_R112H,WP_029455214
17,C,2,3.99448908515488,17,No,WP_029455214_G17C_K69I,WP_029455214
64,I,2,3.99448908515488,69,No,WP_029455214_G17C_K69I,WP_029455214
64,R,2,4.78888018086712,69,No,WP_029455214_K69R_V98A,WP_029455214
93,A,2,4.78888018086712,98,No,WP_029455214_K69R_V98A,WP_029455214
2,D,1,3.49734379880348,2,No,WP_029455214_N2D,WP_029455214
119,I,2,2.93498996511166,124,No,WP_029455214_M124I_K153T,WP_029455214
148,T,2,2.93498996511166,153,No,WP_029455214_M124I_K153T,WP_029455214
31,Q,3,0.921456097507583,32,No,WP_023508997_H32Q_I33V_S129X,WP_023508997
32,V,3,0.921456097507583,33,No,WP_023508997_H32Q_I33V_S129X,WP_023508997
128,X,3,0.921456097507583,129,No,WP_023508997_H32Q_I33V_S129X,WP_023508997
65,G,4,4.24031168207603,66,No,WP_023508997_V66G_S95P_M120I_N123K,WP_023508997
94,P,4,4.24031168207603,95,No,WP_023508997_V66G_S95P_M120I_N123K,WP_023508997
119,I,4,4.24031168207603,120,No,WP_023508997_V66G_S95P_M120I_N123K,WP_023508997
122,K,4,4.24031168207603,123,No,WP_023508997_V66G_S95P_M120I_N123K,WP_023508997
31,Y,3,2.49714388022703,32,No,WP_023508997_H32Y_E58G_S95P,WP_023508997
57,G,3,2.49714388022703,58,No,WP_023508997_H32Y_E58G_S95P,WP_023508997
94,P,3,2.49714388022703,95,No,WP_023508997_H32Y_E58G_S95P,WP_023508997
94,L,3,1.55802682066904,95,No,WP_023508997_S95L_Q102K_A136S,WP_023508997
101,K,3,1.55802682066904,102,No,WP_023508997_S95L_Q102K_A136S,WP_023508997
135,S,3,1.55802682066904,136,No,WP_023508997_S95L_Q102K_A136S,WP_023508997
94,T,1,1.41016912351656,95,No,WP_023508997_S95T,WP_023508997
135,D,1,0.259697314193184,136,No,WP_023508997_A136D,WP_023508997
94,P,2,1.59791603241234,95,No,WP_023508997_S95P_K161Q,WP_023508997
-1,Q,2,1.59791603241234,161,Yes,WP_023508997_S95P_K161Q,WP_023508997
134,R,2,2.6972750517732,135,No,WP_023508997_E135R_A136G,WP_023508997
135,G,2,2.6972750517732,136,No,WP_023508997_E135R_A136G,WP_023508997
-1,E,1,2.39913046049684,161,Yes,WP_023508997_K161E,WP_023508997
135,D,2,3.66423008937677,136,No,WP_023508997_A136D_E152G,WP_023508997
151,G,2,3.66423008937677,152,No,WP_023508997_A136D_E152G,WP_023508997
93,S,1,5.50419061846292,94,No,WP_023508997_I94S,WP_023508997
94,P,2,3.83443414271857,95,No,WP_023508997_S95P_S130G,WP_023508997
129,G,2,3.83443414271857,130,No,WP_023508997_S95P_S130G,WP_023508997
122,S,1,0.0157682994504867,123,No,WP_023508997_N123S,WP_023508997
103,V,1,2.40824083892324,104,No,WP_023508997_A104V,WP_023508997
16,L,2,4.92828086182683,17,No,WP_023508997_F17L_A136T,WP_023508997
135,T,2,4.92828086182683,136,No,WP_023508997_F17L_A136T,WP_023508997
2,H,2,4.48937013710526,2,No,WP_013175579_R2H_E96K,WP_013175579
97,K,2,4.48937013710526,96,No,WP_013175579_R2H_E96K,WP_013175579
31,C,2,2.91206768978054,30,No,WP_013175579_R30C_D113G,WP_013175579
114,G,2,2.91206768978054,113,No,WP_013175579_R30C_D113G,WP_013175579
35,T,3,3.16624230455045,34,No,WP_013175579_A34T_F69C_M101R,WP_013175579
70,C,3,3.16624230455045,69,No,WP_013175579_A34T_F69C_M101R,WP_013175579
102,R,3,3.16624230455045,101,No,WP_013175579_A34T_F69C_M101R,WP_013175579
70,Y,1,3.33909576065915,69,No,WP_013175579_F69Y,WP_013175579
19,T,4,3.21622397904853,18,No,WP_018999172_I18T_F137Y_G138D_S163R,WP_018999172
138,Y,4,3.21622397904853,137,No,WP_018999172_I18T_F137Y_G138D_S163R,WP_018999172
139,D,4,3.21622397904853,138,No,WP_018999172_I18T_F137Y_G138D_S163R,WP_018999172
-1,R,4,3.21622397904853,163,Yes,WP_018999172_I18T_F137Y_G138D_S163R,WP_018999172
29,L,2,2.26739707470546,28,No,WP_018999172_F28L_F99L,WP_018999172
100,L,2,2.26739707470546,99,No,WP_018999172_F28L_F99L,WP_018999172
-1,Y,1,4.39528214908118,4,Yes,WP_006440043_C4Y,WP_006440043
25,V,2,3.8924537763283,29,No,WP_006440043_A29V_S141I,WP_006440043
137,I,2,3.8924537763283,141,No,WP_006440043_A29V_S141I,WP_006440043
-1,I,3,2.04959994722495,6,Yes,WP_006440043_V6I_N43D_E138Q,WP_006440043
39,D,3,2.04959994722495,43,No,WP_006440043_V6I_N43D_E138Q,WP_006440043
134,Q,3,2.04959994722495,138,No,WP_006440043_V6I_N43D_E138Q,WP_006440043
30,D,2,3.90950008669186,34,No,WP_006440043_G34D_F50L,WP_006440043
46,L,2,3.90950008669186,50,No,WP_006440043_G34D_F50L,WP_006440043
137,N,2,1.19534840140926,141,No,WP_006440043_S141N_V150M,WP_006440043
146,M,2,1.19534840140926,150,No,WP_006440043_S141N_V150M,WP_006440043
47,I,4,1.35949267008638,51,No,WP_006440043_T51I_C62S_N125D_E166K,WP_006440043
58,S,4,1.35949267008638,62,No,WP_006440043_T51I_C62S_N125D_E166K,WP_006440043
121,D,4,1.35949267008638,125,No,WP_006440043_T51I_C62S_N125D_E166K,WP_006440043
-1,K,4,1.35949267008638,166,Yes,WP_006440043_T51I_C62S_N125D_E166K,WP_006440043
46,L,1,0.292946382321642,50,No,WP_006440043_F50L,WP_006440043
35,D,1,6.72785764981225,39,No,WP_006440043_G39D,WP_006440043
141,G,1,0.772870931563639,145,No,WP_006440043_D145G,WP_006440043
102,T,2,3.06830963913064,106,No,WP_006440043_M106T_S141N,WP_006440043
137,N,2,3.06830963913064,141,No,WP_006440043_M106T_S141N,WP_006440043
127,T,2,0.2702236945306,131,No,WP_006440043_I131T_S141N,WP_006440043
137,N,2,0.2702236945306,141,No,WP_006440043_I131T_S141N,WP_006440043
30,D,4,5.52608357952551,34,No,WP_006440043_G34D_E83G_F142L_Q153R,WP_006440043
79,G,4,5.52608357952551,83,No,WP_006440043_G34D_E83G_F142L_Q153R,WP_006440043
138,L,4,5.52608357952551,142,No,WP_006440043_G34D_E83G_F142L_Q153R,WP_006440043
149,R,4,5.52608357952551,153,No,WP_006440043_G34D_E83G_F142L_Q153R,WP_006440043
34,A,1,2.73604338040876,38,No,WP_006440043_V38A,WP_006440043
95,V,1,2.86122324724975,99,No,WP_006440043_D99V,WP_006440043
112,L,2,3.68335404153346,116,No,WP_006440043_S116L_S129L,WP_006440043
125,L,2,3.68335404153346,129,No,WP_006440043_S116L_S129L,WP_006440043
35,V,2,4.14845187078625,39,No,WP_006440043_G39V_S141N,WP_006440043
137,N,2,4.14845187078625,141,No,WP_006440043_G39V_S141N,WP_006440043
90,T,3,3.38375945397468,94,No,WP_006440043_I94T_Q105H_D114N,WP_006440043
101,H,3,3.38375945397468,105,No,WP_006440043_I94T_Q105H_D114N,WP_006440043
110,N,3,3.38375945397468,114,No,WP_006440043_I94T_Q105H_D114N,WP_006440043
2,K,3,6.0639617356822,2,No,WP_006440043_N2K_K8I_N125K,WP_006440043
4,I,3,6.0639617356822,8,No,WP_006440043_N2K_K8I_N125K,WP_006440043
121,K,3,6.0639617356822,125,No,WP_006440043_N2K_K8I_N125K,WP_006440043
25,T,1,6.3361881156694,29,No,WP_006440043_A29T,WP_006440043
156,X,1,3.70158741426807,161,No,WP_009140549_E161X,WP_009140549
29,S,1,3.06317053899609,31,No,WP_009140549_F31S,WP_009140549
28,P,1,3.18732993434899,30,No,WP_009140549_L30P,WP_009140549
68,L,1,3.55417063735329,73,No,WP_009140549_Q73L,WP_009140549
39,R,4,3.32682462278952,41,No,WP_009140549_S41R_A60V_C76F_L110M,WP_009140549
55,V,4,3.32682462278952,60,No,WP_009140549_S41R_A60V_C76F_L110M,WP_009140549
71,F,4,3.32682462278952,76,No,WP_009140549_S41R_A60V_C76F_L110M,WP_009140549
105,M,4,3.32682462278952,110,No,WP_009140549_S41R_A60V_C76F_L110M,WP_009140549
34,M,1,2.97122775105832,33,No,WP_023387841_V33M,WP_023387841
70,L,1,2.98754391336941,69,No,WP_023387841_F69L,WP_023387841
49,G,1,0.925184599739832,48,No,WP_023387841_E48G,WP_023387841
69,G,2,2.51672691347743,68,No,WP_023387841_S68G_F69L,WP_023387841
70,L,2,2.51672691347743,69,No,WP_023387841_S68G_F69L,WP_023387841
104,K,1,4.47453750552195,103,No,WP_023387841_H103K,WP_023387841
83,E,1,2.73351006582893,82,No,WP_023387841_A82E,WP_023387841
30,D,1,0.617205098957864,29,No,KIH96284_E29D,KIH96284
40,G,1,0.51304523999888,39,No,KIH96284_S39G,KIH96284
30,D,2,0.979044960981534,29,No,KIH96284_E29D_I141V,KIH96284
136,V,2,0.979044960981534,141,No,KIH96284_E29D_I141V,KIH96284
36,V,3,3.73635157121627,35,No,WP_012513352_I35V_I73V_D134N,WP_012513352
72,V,3,3.73635157121627,73,No,WP_012513352_I35V_I73V_D134N,WP_012513352
134,N,3,3.73635157121627,134,No,WP_012513352_I35V_I73V_D134N,WP_012513352
83,V,1,5.15231932111956,84,No,WP_012513352_I84V,WP_012513352
147,Q,1,3.19792763863725,147,No,WP_012513352_H147Q,WP_012513352
81,R,2,3.63581535794775,82,No,WP_012513352_K82R_K139M,WP_012513352
139,M,2,3.63581535794775,139,No,WP_012513352_K82R_K139M,WP_012513352
46,L,2,3.1696747360767,45,No,WP_012513352_F45L_N62D,WP_012513352
61,D,2,3.1696747360767,62,No,WP_012513352_F45L_N62D,WP_012513352
88,H,1,3.52241605607241,90,No,WP_015769718_R90H,WP_015769718
79,X,2,3.36675756885718,78,No,WP_044825986_K78X_K79X,WP_044825986
80,X,2,3.36675756885718,79,No,WP_044825986_K78X_K79X,WP_044825986
34,I,2,6.27879392445082,33,No,WP_044825986_V33I_Q100L,WP_044825986
101,L,2,6.27879392445082,100,No,WP_044825986_V33I_Q100L,WP_044825986
135,I,1,0.794721045991447,134,No,WP_044825986_V134I,WP_044825986
63,K,1,1.68705515570799,62,No,WP_044825986_E62K,WP_044825986
74,P,1,0.940697487417061,73,No,WP_044825986_L73P,WP_044825986
34,I,2,4.24122397272781,33,No,WP_044825986_V33I_L47P,WP_044825986
48,P,2,4.24122397272781,47,No,WP_044825986_V33I_L47P,WP_044825986
34,I,2,3.77843802188372,33,No,WP_044825986_V33I_N38S,WP_044825986
39,S,2,3.77843802188372,38,No,WP_044825986_V33I_N38S,WP_044825986
131,M,1,5.53938281603821,130,No,WP_044825986_L130M,WP_044825986
101,R,1,0.0943009784177633,100,No,WP_044825986_Q100R,WP_044825986
34,I,3,5.81526468930161,33,No,WP_044825986_V33I_T114A_V134I,WP_044825986
115,A,3,5.81526468930161,114,No,WP_044825986_V33I_T114A_V134I,WP_044825986
135,I,3,5.81526468930161,134,No,WP_044825986_V33I_T114A_V134I,WP_044825986
66,N,2,5.26251685053741,65,No,WP_044825986_T65N_D94V,WP_044825986
95,V,2,5.26251685053741,94,No,WP_044825986_T65N_D94V,WP_044825986
135,F,1,4.3990463853926,134,No,WP_044825986_V134F,WP_044825986
34,I,5,5.44449518326809,33,No,WP_044825986_V33I_P43T_L108P_D111E_G139V,WP_044825986
44,T,5,5.44449518326809,43,No,WP_044825986_V33I_P43T_L108P_D111E_G139V,WP_044825986
109,P,5,5.44449518326809,108,No,WP_044825986_V33I_P43T_L108P_D111E_G139V,WP_044825986
112,E,5,5.44449518326809,111,No,WP_044825986_V33I_P43T_L108P_D111E_G139V,WP_044825986
140,V,5,5.44449518326809,139,No,WP_044825986_V33I_P43T_L108P_D111E_G139V,WP_044825986
53,T,4,4.34265777095887,52,No,WP_044825986_A52T_S70N_S128R_S148G,WP_044825986
71,N,4,4.34265777095887,70,No,WP_044825986_A52T_S70N_S128R_S148G,WP_044825986
129,R,4,4.34265777095887,128,No,WP_044825986_A52T_S70N_S128R_S148G,WP_044825986
149,G,4,4.34265777095887,148,No,WP_044825986_A52T_S70N_S128R_S148G,WP_044825986
34,I,4,4.3249625871085,33,No,WP_044825986_V33I_V66I_N83D_Q155R,WP_044825986
67,I,4,4.3249625871085,66,No,WP_044825986_V33I_V66I_N83D_Q155R,WP_044825986
84,D,4,4.3249625871085,83,No,WP_044825986_V33I_V66I_N83D_Q155R,WP_044825986
156,R,4,4.3249625871085,155,No,WP_044825986_V33I_V66I_N83D_Q155R,WP_044825986
34,I,2,2.69960929939078,33,No,WP_044825986_V33I_E133G,WP_044825986
134,G,2,2.69960929939078,133,No,WP_044825986_V33I_E133G,WP_044825986
39,S,2,4.10877035394601,38,No,WP_044825986_N38S_A91V,WP_044825986
92,V,2,4.10877035394601,91,No,WP_044825986_N38S_A91V,WP_044825986
34,I,4,2.64707448110222,33,No,WP_044825986_V33I_Q100R_S127T_S128C,WP_044825986
101,R,4,2.64707448110222,100,No,WP_044825986_V33I_Q100R_S127T_S128C,WP_044825986
128,T,4,2.64707448110222,127,No,WP_044825986_V33I_Q100R_S127T_S128C,WP_044825986
129,C,4,2.64707448110222,128,No,WP_044825986_V33I_Q100R_S127T_S128C,WP_044825986
111,L,1,4.14232047920295,110,No,WP_044825986_P110L,WP_044825986
56,E,1,4.90573032500927,55,No,WP_044825986_K55E,WP_044825986
95,V,2,3.92578002588456,94,No,WP_044825986_D94V_S121C,WP_044825986
122,C,2,3.92578002588456,121,No,WP_044825986_D94V_S121C,WP_044825986
-1,G,1,1.49071327837765,157,Yes,KPK63468_A157G,KPK63468
35,S,1,2.6687684632138,34,No,KPK63468_G34S,KPK63468
68,G,2,2.72298070231952,67,No,WP_039674844_E67G_G102S,WP_039674844
103,S,2,2.72298070231952,102,No,WP_039674844_E67G_G102S,WP_039674844
68,G,2,4.12184462659447,67,No,WP_039674844_E67G_F97S,WP_039674844
98,S,2,4.12184462659447,97,No,WP_039674844_E67G_F97S,WP_039674844
29,Y,2,0.514379346235553,28,No,WP_039674844_F28Y_G102D,WP_039674844
103,D,2,0.514379346235553,102,No,WP_039674844_F28Y_G102D,WP_039674844
98,S,2,4.396262630821,97,No,WP_039674844_F97S_I126S,WP_039674844
127,S,2,4.396262630821,126,No,WP_039674844_F97S_I126S,WP_039674844
5,T,2,0.398599751185816,4,No,WP_039674844_A4T_A56V,WP_039674844
57,V,2,0.398599751185816,56,No,WP_039674844_A4T_A56V,WP_039674844
-1,X,1,2.90311939368053,159,Yes,WP_039674844_C159X,WP_039674844
85,G,1,2.15135260526353,84,No,WP_039674844_V84G,WP_039674844
35,T,2,0.680518481775851,33,No,WP_009430975_A33T_A101T,WP_009430975
103,T,2,0.680518481775851,101,No,WP_009430975_A33T_A101T,WP_009430975
63,N,3,0.431617496890773,61,No,WP_009430975_K61N_A101T_A135D,WP_009430975
103,T,3,0.431617496890773,101,No,WP_009430975_K61N_A101T_A135D,WP_009430975
137,D,3,0.431617496890773,135,No,WP_009430975_K61N_A101T_A135D,WP_009430975
139,S,1,1.12217929668148,138,No,WP_031515275_G138S,WP_031515275
69,N,2,3.73151902739086,68,No,WP_031515275_S68N_K132N,WP_031515275
133,N,2,3.73151902739086,132,No,WP_031515275_S68N_K132N,WP_031515275
62,L,2,3.76826063632968,61,No,WP_031515275_F61L_E133V,WP_031515275
134,V,2,3.76826063632968,133,No,WP_031515275_F61L_E133V,WP_031515275
58,I,1,1.65015019385168,57,No,KJS65861_V57I,KJS65861
56,H,1,0.372308096474883,55,No,KJS65861_R55H,KJS65861
46,L,2,0.497883466407073,45,No,KJS65861_F45L_R55H,KJS65861
56,H,2,0.497883466407073,55,No,KJS65861_F45L_R55H,KJS65861
3,R,1,0.758795290015066,3,No,WP_054033745_K3R,WP_054033745
69,N,2,0.10536051078339,69,No,WP_054033745_S69N_I137F,WP_054033745
137,F,2,0.10536051078339,137,No,WP_054033745_S69N_I137F,WP_054033745
57,K,3,3.61779054025971,57,No,WP_054033745_E57K_D68G_F117S,WP_054033745
68,G,3,3.61779054025971,68,No,WP_054033745_E57K_D68G_F117S,WP_054033745
117,S,3,3.61779054025971,117,No,WP_054033745_E57K_D68G_F117S,WP_054033745
20,E,1,2.69820002096362,20,No,WP_054033745_D20E,WP_054033745
123,R,1,1.91033870972756,122,No,CDZ79850_K122R,CDZ79850
97,D,2,2.16152362332546,97,No,CDZ79850_E97D_A148V,CDZ79850
149,V,2,2.16152362332546,148,No,CDZ79850_E97D_A148V,CDZ79850
97,V,1,2.12695251840563,97,No,CDZ79850_E97V,CDZ79850
139,D,1,0.693772033031573,138,No,CDZ79850_G138D,CDZ79850
105,I,2,2.94633203607558,104,No,WP_038481009_M104I_Y125F,WP_038481009
126,F,2,2.94633203607558,125,No,WP_038481009_M104I_Y125F,WP_038481009
35,A,3,0.639318006571083,34,No,WP_038481009_V34A_P62R_A82E,WP_038481009
63,R,3,0.639318006571083,62,No,WP_038481009_V34A_P62R_A82E,WP_038481009
83,E,3,0.639318006571083,82,No,WP_038481009_V34A_P62R_A82E,WP_038481009
125,R,1,0.075374540144286,124,No,WP_038481009_S124R,WP_038481009
99,D,3,1.98819867040788,98,No,WP_012547046_E98D_K122X_Y123X,WP_012547046
123,X,3,1.98819867040788,122,No,WP_012547046_E98D_K122X_Y123X,WP_012547046
124,X,3,1.98819867040788,123,No,WP_012547046_E98D_K122X_Y123X,WP_012547046
117,S,1,0.374065337910031,116,No,WP_012547046_F116S,WP_012547046
22,V,2,2.21963949393425,21,No,WP_012547046_I21V_T104S,WP_012547046
105,S,2,2.21963949393425,104,No,WP_012547046_I21V_T104S,WP_012547046
70,Y,2,3.78369585422127,69,No,WP_012547046_F69Y_F99S,WP_012547046
100,S,2,3.78369585422127,99,No,WP_012547046_F69Y_F99S,WP_012547046
42,R,3,3.22013280376339,41,No,WP_012547046_K41R_E48D_V164A,WP_012547046
49,D,3,3.22013280376339,48,No,WP_012547046_K41R_E48D_V164A,WP_012547046
159,A,3,3.22013280376339,164,No,WP_012547046_K41R_E48D_V164A,WP_012547046
102,L,1,4.37049974320482,101,No,WP_012547046_Q101L,WP_012547046
92,T,1,1.86490619592596,91,No,WP_012547046_A91T,WP_012547046
70,V,1,3.1467120113118,69,No,WP_012547046_F69V,WP_012547046
105,A,2,1.60557178170879,104,No,WP_012547046_T104A_Y109H,WP_012547046
110,H,2,1.60557178170879,109,No,WP_012547046_T104A_Y109H,WP_012547046
-1,E,1,3.96921902946661,162,Yes,WP_012547046_K162E,WP_012547046
105,A,3,3.74847770108055,104,No,WP_012547046_T104A_K106T_D120E,WP_012547046
107,T,3,3.74847770108055,106,No,WP_012547046_T104A_K106T_D120E,WP_012547046
121,E,3,3.74847770108055,120,No,WP_012547046_T104A_K106T_D120E,WP_012547046
110,H,1,1.81999727270967,109,No,WP_012547046_Y109H,WP_012547046
14,A,2,3.56696410825652,13,No,WP_012547046_V13A_A102V,WP_012547046
103,V,2,3.56696410825652,102,No,WP_012547046_V13A_A102V,WP_012547046
103,V,1,3.82120847467363,101,No,WP_049662705_A101V,WP_049662705
96,D,2,3.46751186377047,94,No,WP_049662705_Y94D_S128T,WP_049662705
130,T,2,3.46751186377047,128,No,WP_049662705_Y94D_S128T,WP_049662705
132,M,1,4.91968331299455,130,No,WP_049662705_V130M,WP_049662705
102,K,1,2.437648150009,100,No,WP_049662705_M100K,WP_049662705
103,A,1,3.18095315536411,109,No,WP_034441915_T109A,WP_034441915
50,A,2,4.94918192244169,49,No,EHO84528_E49A_D94Y,EHO84528
95,Y,2,4.94918192244169,94,No,EHO84528_E49A_D94Y,EHO84528
102,I,1,2.18979378756874,101,No,EHO84528_M101I,EHO84528
103,D,2,2.90367093982955,102,No,EHO84528_A102D_P122T,EHO84528
122,T,2,2.90367093982955,122,No,EHO84528_A102D_P122T,EHO84528
32,Q,3,4.36599711638568,35,No,WP_038033793_L35Q_R66L_G101A,WP_038033793
-1,L,3,4.36599711638568,66,Yes,WP_038033793_L35Q_R66L_G101A,WP_038033793
93,A,3,4.36599711638568,101,No,WP_038033793_L35Q_R66L_G101A,WP_038033793
35,T,2,2.65978316727031,38,No,WP_038033793_A38T_E70G,WP_038033793
-1,G,2,2.65978316727031,70,Yes,WP_038033793_A38T_E70G,WP_038033793
100,A,1,2.79423149086011,108,No,WP_038033793_V108A,WP_038033793
-1,G,3,5.46963171089317,70,Yes,WP_038033793_E70G_C80R_I143V,WP_038033793
72,R,3,5.46963171089317,80,No,WP_038033793_E70G_C80R_I143V,WP_038033793
135,V,3,5.46963171089317,143,No,WP_038033793_E70G_C80R_I143V,WP_038033793
16,C,3,3.07978632790574,19,No,WP_038033793_Y19C_L22M_E70G,WP_038033793
19,M,3,3.07978632790574,22,No,WP_038033793_Y19C_L22M_E70G,WP_038033793
-1,G,3,3.07978632790574,70,Yes,WP_038033793_Y19C_L22M_E70G,WP_038033793
150,V,1,2.14996207069757,149,No,WP_026476454_I149V,WP_026476454
68,E,2,3.59194361008465,67,No,WP_026476454_D67E_N105S,WP_026476454
106,S,2,3.59194361008465,105,No,WP_026476454_D67E_N105S,WP_026476454
34,M,3,3.03876991026987,33,No,WP_026476454_V33M_K87R_F95S,WP_026476454
88,R,3,3.03876991026987,87,No,WP_026476454_V33M_K87R_F95S,WP_026476454
96,S,3,3.03876991026987,95,No,WP_026476454_V33M_K87R_F95S,WP_026476454
123,K,1,1.60322752086837,123,No,WP_003006177_E123K,WP_003006177
121,L,1,1.01587389216094,121,No,WP_003006177_S121L,WP_003006177
100,S,1,2.01362530589174,101,No,WP_012505926_F101S,WP_012505926
37,A,3,2.68107895323681,37,No,WP_023853819_S37A_Q116K_K153R,WP_023853819
111,K,3,2.68107895323681,116,No,WP_023853819_S37A_Q116K_K153R,WP_023853819
148,R,3,2.68107895323681,153,No,WP_023853819_S37A_Q116K_K153R,WP_023853819
92,T,1,2.02356642352159,97,No,WP_023853819_A97T,WP_023853819
66,R,1,0.49301383722178,66,No,WP_015326879_M66R,WP_015326879
66,K,1,2.57987193233184,66,No,WP_015326879_M66K,WP_015326879
104,V,3,3.24022376956819,108,No,WP_025270149_F108V_F140L_K161R,WP_025270149
136,L,3,3.24022376956819,140,No,WP_025270149_F108V_F140L_K161R,WP_025270149
157,R,3,3.24022376956819,161,No,WP_025270149_F108V_F140L_K161R,WP_025270149
2,L,4,3.98017166499528,2,No,WP_050354863_I2L_G70S_K105V_S126R,WP_050354863
72,S,4,3.98017166499528,70,No,WP_050354863_I2L_G70S_K105V_S126R,WP_050354863
107,V,4,3.98017166499528,105,No,WP_050354863_I2L_G70S_K105V_S126R,WP_050354863
128,R,4,3.98017166499528,126,No,WP_050354863_I2L_G70S_K105V_S126R,WP_050354863
150,I,1,0.642167727213222,148,No,WP_050354863_V148I,WP_050354863
141,N,1,2.81681803441771,139,No,WP_013885324_D139N,WP_013885324
78,I,2,1.00882137475933,76,No,WP_013885324_M76I_L100V,WP_013885324
102,V,2,1.00882137475933,100,No,WP_013885324_M76I_L100V,WP_013885324
34,I,5,4.15194326371508,34,No,KPA16378_M34I_G68S_S94R_N106T_A135V,KPA16378
68,S,5,4.15194326371508,68,No,KPA16378_M34I_G68S_S94R_N106T_A135V,KPA16378
94,R,5,4.15194326371508,94,No,KPA16378_M34I_G68S_S94R_N106T_A135V,KPA16378
106,T,5,4.15194326371508,106,No,KPA16378_M34I_G68S_S94R_N106T_A135V,KPA16378
135,V,5,4.15194326371508,135,No,KPA16378_M34I_G68S_S94R_N106T_A135V,KPA16378
69,T,3,1.17834864255763,70,No,WP_014811403_A70T_F101V_A122S,WP_014811403
100,V,3,1.17834864255763,101,No,WP_014811403_A70T_F101V_A122S,WP_014811403
121,S,3,1.17834864255763,122,No,WP_014811403_A70T_F101V_A122S,WP_014811403
141,R,2,2.26311833290163,138,No,WP_041548420_S138R_V147I,WP_041548420
150,I,2,2.26311833290163,147,No,WP_041548420_S138R_V147I,WP_041548420
66,N,3,1.81274336536118,63,No,BAN02173_S63N_M99T_G135D,BAN02173
102,T,3,1.81274336536118,99,No,BAN02173_S63N_M99T_G135D,BAN02173
139,D,3,1.81274336536118,135,No,BAN02173_S63N_M99T_G135D,BAN02173
104,Y,2,0.283702425881902,104,No,WP_053231235_N104Y_R153H,WP_053231235
153,H,2,0.283702425881902,153,No,WP_053231235_N104Y_R153H,WP_053231235
86,V,2,2.97798673708417,86,No,WP_014666772_I86V_A105T,WP_014666772
105,T,2,2.97798673708417,105,No,WP_014666772_I86V_A105T,WP_014666772
20,E,4,4.14322493128034,20,No,WP_014666772_D20E_C47Y_N72Y_S130I,WP_014666772
47,Y,4,4.14322493128034,47,No,WP_014666772_D20E_C47Y_N72Y_S130I,WP_014666772
72,Y,4,4.14322493128034,72,No,WP_014666772_D20E_C47Y_N72Y_S130I,WP_014666772
130,I,4,4.14322493128034,130,No,WP_014666772_D20E_C47Y_N72Y_S130I,WP_014666772
34,X,3,1.20267962720281,34,No,WP_014666772_V34X_A35X_A150V,WP_014666772
35,X,3,1.20267962720281,35,No,WP_014666772_V34X_A35X_A150V,WP_014666772
150,V,3,1.20267962720281,150,No,WP_014666772_V34X_A35X_A150V,WP_014666772
30,A,3,3.49289046764182,31,No,WP_015898341_D31A_V60M_L132M,WP_015898341
59,M,3,3.49289046764182,60,No,WP_015898341_D31A_V60M_L132M,WP_015898341
131,M,3,3.49289046764182,132,No,WP_015898341_D31A_V60M_L132M,WP_015898341
69,S,1,3.51897207234737,67,No,KPJ74233_G67S,KPJ74233
30,E,3,1.40812439748471,32,No,KPK81575_D32E_V34I_I139F,KPK81575
32,I,3,1.40812439748471,34,No,KPK81575_D32E_V34I_I139F,KPK81575
135,F,3,1.40812439748471,139,No,KPK81575_D32E_V34I_I139F,KPK81575
24,L,4,4.88323102129572,23,No,WP_031497082_R23L_G34C_H68R_L108R,WP_031497082
35,C,4,4.88323102129572,34,No,WP_031497082_R23L_G34C_H68R_L108R,WP_031497082
69,R,4,4.88323102129572,68,No,WP_031497082_R23L_G34C_H68R_L108R,WP_031497082
109,R,4,4.88323102129572,108,No,WP_031497082_R23L_G34C_H68R_L108R,WP_031497082
35,S,2,0.957967805458104,34,No,WP_031497082_G34S_M104L,WP_031497082
105,L,2,0.957967805458104,104,No,WP_031497082_G34S_M104L,WP_031497082
18,Q,1,2.0024065522526,18,No,WP_025369197_H18Q,WP_025369197
