orth_aanum,msa_aanum
1,1
2,3
3,50
4,51
5,52
6,53
7,54
8,55
9,56
10,57
11,58
12,59
13,60
14,61
15,62
16,63
17,64
18,65
19,66
20,67
21,68
22,69
23,70
24,71
25,72
26,73
27,74
28,75
29,76
30,77
31,78
32,79
33,80
34,81
35,82
36,83
37,84
38,94
39,98
40,102
41,103
42,105
43,108
44,109
45,112
46,114
47,115
48,116
49,117
50,118
51,119
52,120
53,121
54,122
55,123
56,124
57,125
58,126
59,128
60,131
61,145
62,150
63,160
64,165
65,173
66,177
67,178
68,180
69,181
70,184
71,185
72,187
73,189
74,191
75,192
76,193
77,194
78,195
79,196
80,197
81,198
82,199
83,200
84,208
85,209
86,210
87,211
88,212
89,213
90,214
91,215
92,216
93,217
94,218
95,219
96,220
97,221
98,222
99,223
100,224
101,225
102,226
103,227
104,228
105,229
106,230
107,231
108,232
109,233
110,234
111,235
112,236
113,237
114,239
115,241
116,242
117,243
118,244
119,245
120,246
121,247
122,248
123,249
124,250
125,251
126,252
127,253
128,254
129,255
130,256
131,257
132,258
133,259
134,260
135,261
136,262
137,263
138,264
139,265
140,281
141,282
142,284
143,287
144,291
145,292
146,294
147,295
148,296
149,297
150,298
151,299
152,300
153,301
154,302
155,303
156,304
157,305
158,306
159,307
160,308
161,309
162,310
163,311
164,312
165,375
