residue index,amino acid,number of ECs,cumulative strength,EC strength,conservation
22,V,8,2.009,8.6,34
14,I,4,1.967,8.4,29
5,A,6,1.802,7.7,28
66,E,4,1.801,7.7,13
87,I,6,1.673,7.1,35
12,D,6,1.638,7,67
68,V,5,1.635,7,15
31,H,2,1.619,6.9,26
55,A,5,1.595,6.8,30
25,A,6,1.563,6.7,55
7,Y,6,1.552,6.6,17
59,T,6,1.541,6.6,16
34,L,5,1.528,6.5,37
10,T,7,1.523,6.5,28
67,V,6,1.495,6.4,44
26,T,4,1.466,6.2,19
79,R,7,1.404,6,19
70,F,7,1.307,5.6,41
46,F,3,1.259,5.4,28
88,R,6,1.217,5.2,20
52,V,4,1.166,5,24
19,I,4,1.141,4.9,35
33,I,4,1.127,4.8,26
13,P,6,1.101,4.7,67
64,N,2,1.082,4.6,21
21,I,4,1.078,4.6,32
9,G,6,1.06,4.5,83
44,P,4,1.024,4.4,19
65,V,4,1.016,4.3,37
81,Q,4,1.005,4.3,35
73,L,4,0.989,4.2,25
62,L,4,0.981,4.2,22
58,A,3,0.961,4.1,35
11,F,4,0.961,4.1,83
36,I,5,0.947,4,36
105,M,5,0.93,4,36
78,A,5,0.915,3.9,26
32,V,5,0.915,3.9,38
48,L,4,0.9,3.8,23
77,F,3,0.891,3.8,22
92,A,5,0.882,3.8,18
29,F,2,0.88,3.7,23
23,T,2,0.872,3.7,24
18,H,5,0.85,3.6,98
113,L,4,0.848,3.6,19
93,V,3,0.848,3.6,16
96,F,5,0.845,3.6,31
106,N,5,0.841,3.6,24
101,Q,4,0.838,3.6,23
116,V,4,0.821,3.5,21
142,V,3,0.819,3.5,24
99,E,5,0.801,3.4,28
54,L,2,0.79,3.4,36
122,K,4,0.776,3.3,10
94,A,4,0.751,3.2,22
125,S,3,0.744,3.2,13
132,V,3,0.742,3.2,49
71,S,4,0.74,3.1,36
102,L,3,0.735,3.1,15
98,Y,4,0.714,3,24
131,L,3,0.708,3,15
61,H,3,0.705,3,24
15,T,2,0.703,3,69
4,R,2,0.692,2.9,25
8,P,4,0.69,2.9,24
37,A,4,0.682,2.9,20
6,I,3,0.662,2.8,26
135,V,3,0.646,2.7,19
86,L,3,0.639,2.7,28
129,S,4,0.631,2.7,71
39,S,3,0.614,2.6,30
83,A,3,0.585,2.5,29
85,V,3,0.572,2.4,18
126,F,3,0.566,2.4,12
20,D,3,0.557,2.4,19
104,H,3,0.554,2.4,14
90,L,3,0.554,2.4,23
82,H,3,0.545,2.3,21
35,A,3,0.544,2.3,21
28,M,3,0.539,2.3,23
120,P,3,0.533,2.3,13
74,M,3,0.526,2.2,25
24,R,3,0.494,2.1,31
133,K,3,0.478,2,82
16,N,2,0.468,2,21
136,A,1,0.462,2,37
45,M,2,0.429,1.8,37
63,G,2,0.425,1.8,30
100,M,2,0.412,1.8,20
69,G,1,0.399,1.7,16
91,R,2,0.398,1.7,49
109,L,2,0.397,1.7,33
112,E,2,0.381,1.6,29
114,E,2,0.374,1.6,33
80,N,2,0.369,1.6,15
72,D,2,0.367,1.6,17
75,A,2,0.351,1.5,22
27,Q,2,0.346,1.5,20
115,S,2,0.337,1.4,22
141,D,1,0.317,1.3,21
50,E,2,0.317,1.3,33
89,G,2,0.314,1.3,82
110,M,2,0.314,1.3,12
56,Q,2,0.302,1.3,22
17,G,2,0.294,1.3,87
38,A,1,0.245,1,15
107,R,1,0.244,1,18
127,I,1,0.235,1,47
51,R,1,0.218,0.9,83
42,K,1,0.189,0.8,53
57,Q,1,0.168,0.7,18
95,D,1,0.164,0.7,31
121,S,1,0.157,0.7,16
123,E,1,0.156,0.7,15
124,W,1,0.145,0.6,15
118,L,1,0.145,0.6,25
84,T,1,0.145,0.6,14
49,E,1,0.142,0.6,32
111,P,1,0.141,0.6,23
134,E,1,0.141,0.6,31
117,F,1,0.137,0.6,21
60,A,1,0.134,0.6,23